id,harga_beli,harga_jual,timestamp
1,6060,5760,2018-02-20
2,6150,5850,2018-02-21
3,6150,5850,2018-02-22
4,6150,5850,2018-02-23
5,6150,5820,2018-02-24
6,6150,5820,2018-02-25
7,6150,5820,2018-02-26
8,6150,5820,2018-02-27
9,6150,5820,2018-02-28
10,6160,5830,2018-03-01
11,6140,5800,2018-03-02
12,6140,5800,2018-03-03
13,6150,5810,2018-03-04
14,6170,5840,2018-03-05
15,6160,5840,2018-03-06
16,6200,5880,2018-03-07
17,6180,5850,2018-03-08
18,6170,5850,2018-03-09
19,6170,5850,2018-03-10
20,6170,5850,2018-03-11
21,6180,5850,2018-03-12
22,6180,5850,2018-03-13
23,6180,5850,2018-03-14
24,6110,5830,2018-03-15
25,6090,5810,2018-03-16
26,6090,5810,2018-03-17
27,6090,5810,2018-03-18
28,6130,5830,2018-03-19
29,6140,5830,2018-03-20
30,6110,5810,2018-03-21
31,6120,5820,2018-03-22
32,6100,5800,2018-03-23
33,6100,5800,2018-03-24
34,6100,5800,2018-03-25
35,6100,5800,2018-03-26
36,6110,5810,2018-03-27
37,6130,5830,2018-03-28
38,6150,5850,2018-03-29
39,6170,5850,2018-03-30
40,6170,5850,2018-03-31
41,6170,5850,2018-04-01
42,6200,5880,2018-04-02
43,6180,5880,2018-04-03
44,6120,5850,2018-04-04
45,6150,5850,2018-04-05
46,6110,5820,2018-04-06
47,6110,5820,2018-04-07
48,6110,5820,2018-04-08
49,6140,5840,2018-04-09
50,6170,5870,2018-04-10
51,6180,5880,2018-04-11
52,6190,5890,2018-04-12
53,6200,5890,2018-04-13
54,6160,5870,2018-04-14
55,6160,5870,2018-04-15
56,6170,5870,2018-04-16
57,6190,5890,2018-04-17
58,6190,5890,2018-04-18
59,6200,5900,2018-04-19
60,6200,5900,2018-04-20
61,6160,5860,2018-04-21
62,6160,5860,2018-04-22
63,6140,5850,2018-04-23
64,6140,5850,2018-04-24
65,6150,5850,2018-04-25
66,6140,5840,2018-04-26
67,6200,5900,2018-04-27
68,6210,5900,2018-04-28
69,6210,5900,2018-04-29
70,6190,5900,2018-04-30
71,6190,5900,2018-05-01
72,6190,5900,2018-05-02
73,6230,5930,2018-05-03
74,6170,5880,2018-05-04
75,6180,5880,2018-05-05
76,6180,5880,2018-05-06
77,6230,5930,2018-05-07
78,6250,6060,2018-05-08
79,6250,6060,2018-05-09
80,6250,5930,2018-05-10
81,6260,5940,2018-05-11
82,6260,5940,2018-05-12
83,6260,5940,2018-05-13
84,6290,5970,2018-05-14
85,6300,6110,2018-05-15
86,6310,6120,2018-05-16
87,6310,6120,2018-05-17
88,6270,6080,2018-05-18
89,6260,6070,2018-05-19
90,6260,6070,2018-05-20
91,6230,6040,2018-05-21
92,6120,5930,2018-05-22
93,6230,6040,2018-05-23
94,6250,6060,2018-05-24
95,6250,6060,2018-05-25
96,6260,6070,2018-05-26
97,6260,6070,2018-05-27
98,6220,6030,2018-05-28
99,6220,5900,2018-05-29
100,6210,6020,2018-05-30
101,6220,6030,2018-05-31
102,6220,6030,2018-06-01
103,6220,6030,2018-06-02
104,6220,6030,2018-06-03
105,6220,6030,2018-06-04
106,6160,5970,2018-06-05
107,6160,5970,2018-06-06
108,6120,5930,2018-06-07
109,6130,5940,2018-06-08
110,6130,5940,2018-06-09
111,6130,5940,2018-06-10
112,6130,5940,2018-06-11
113,6130,5940,2018-06-12
114,6130,5940,2018-06-13
115,6130,5940,2018-06-14
116,6130,5940,2018-06-15
117,6130,5940,2018-06-16
118,6130,5940,2018-06-17
119,6130,5940,2018-06-18
120,6130,5940,2018-06-19
121,6130,5940,2018-06-20
122,6120,5930,2018-06-21
123,6080,5890,2018-06-22
124,6080,5890,2018-06-23
125,6080,5890,2018-06-24
126,6100,5910,2018-06-25
127,6080,5890,2018-06-26
128,6090,5900,2018-06-27
129,6060,5870,2018-06-28
130,6070,5880,2018-06-29
131,6070,5880,2018-06-30
132,6070,5880,2018-07-01
133,6080,5890,2018-07-02
134,6090,5900,2018-07-03
135,6110,5920,2018-07-04
136,6110,5920,2018-07-05
137,6110,5920,2018-07-06
138,6110,5920,2018-07-07
139,6110,5920,2018-07-08
140,6100,5910,2018-07-09
141,6110,5920,2018-07-10
142,6090,5900,2018-07-11
143,6070,5880,2018-07-12
144,6060,5870,2018-07-13
145,6060,5870,2018-07-14
146,6060,5870,2018-07-15
147,6050,5860,2018-07-16
148,6040,5850,2018-07-17
149,6000,5820,2018-07-18
150,6000,5820,2018-07-19
151,6000,5820,2018-07-20
152,6000,5820,2018-07-21
153,6000,5820,2018-07-22
154,6020,5830,2018-07-23
155,6020,5830,2018-07-24
156,6030,5840,2018-07-25
157,6030,5840,2018-07-26
158,6030,5840,2018-07-27
159,6000,5820,2018-07-28
160,6000,5820,2018-07-29
161,6000,5820,2018-07-30
162,5970,5790,2018-07-31
163,5980,5800,2018-08-01
164,5980,5800,2018-08-02
165,5950,5770,2018-08-03
166,5960,5780,2018-08-04
167,5960,5780,2018-08-05
168,6020,5830,2018-08-06
169,5950,5770,2018-08-07
170,5940,5760,2018-08-08
171,5930,5750,2018-08-09
172,5930,5750,2018-08-10
173,5930,5750,2018-08-11
174,5930,5750,2018-08-12
175,5950,5770,2018-08-13
176,5950,5770,2018-08-14
177,5920,5740,2018-08-15
178,5910,5730,2018-08-16
179,5840,5660,2018-08-17
180,5840,5660,2018-08-18
181,5840,5660,2018-08-19
182,5870,5690,2018-08-20
183,5900,5720,2018-08-21
184,5900,5720,2018-08-22
185,5900,5720,2018-08-23
186,5900,5720,2018-08-24
187,5900,5720,2018-08-25
188,5900,5720,2018-08-26
189,5930,5750,2018-08-27
190,5940,5760,2018-08-28
191,5940,5760,2018-08-29
192,5920,5740,2018-08-30
193,5940,5760,2018-08-31
194,5940,5760,2018-09-01
195,5940,5760,2018-09-02
196,5970,5790,2018-09-03
197,6020,5830,2018-09-04
198,6020,5830,2018-09-05
199,6030,5840,2018-09-06
200,6060,5870,2018-09-07
201,6060,5870,2018-09-08
202,6060,5870,2018-09-09
203,6060,5870,2018-09-10
204,6040,5850,2018-09-11
205,6040,5850,2018-09-12
206,6040,5850,2018-09-13
207,6040,5730,2018-09-14
208,6040,5730,2018-09-15
209,6040,5730,2018-09-16
210,6040,5730,2018-09-17
211,6040,5850,2018-09-18
212,6080,5890,2018-09-19
213,6170,5980,2018-09-20
214,6170,5980,2018-09-21
215,6120,5930,2018-09-22
216,6120,5930,2018-09-23
217,6120,5930,2018-09-24
218,6050,5860,2018-09-25
219,6060,5870,2018-09-26
220,6070,5880,2018-09-27
221,6020,5830,2018-09-28
222,6010,5820,2018-09-29
223,6010,5820,2018-09-30
224,6010,5820,2018-10-01
225,6010,5820,2018-10-02
226,6110,5920,2018-10-03
227,6100,5910,2018-10-04
228,6140,5950,2018-10-05
229,6140,5950,2018-10-06
230,6140,5950,2018-10-07
231,6150,5960,2018-10-08
232,6140,5950,2018-10-09
233,6210,6020,2018-10-10
234,6160,5970,2018-10-11
235,6220,6030,2018-10-12
236,6230,6040,2018-10-13
237,6230,6040,2018-10-14
238,6230,6040,2018-10-15
239,6240,6050,2018-10-16
240,6250,6060,2018-10-17
241,6240,6050,2018-10-18
242,6260,6070,2018-10-19
243,6260,6070,2018-10-20
244,6260,6070,2018-10-21
245,6270,6080,2018-10-22
246,6370,6170,2018-10-23
247,6400,6200,2018-10-24
248,6300,6110,2018-10-25
249,6300,6110,2018-10-26
250,6320,6130,2018-10-27
251,6320,6130,2018-10-28
252,6320,6130,2018-10-29
253,6320,6130,2018-10-30
254,6280,6090,2018-10-31
255,6290,6100,2018-11-01
256,6300,6110,2018-11-02
257,6300,6110,2018-11-03
258,6300,6110,2018-11-04
259,6300,6110,2018-11-05
260,6300,5980,2018-11-06
261,6290,6100,2018-11-07
262,6280,6090,2018-11-08
263,6260,6070,2018-11-09
264,6260,6070,2018-11-10
265,6260,6070,2018-11-11
266,6260,6070,2018-11-12
267,6260,6070,2018-11-13
268,6170,5980,2018-11-14
269,6140,5950,2018-11-15
270,6090,5900,2018-11-16
271,6100,5910,2018-11-17
272,6100,5910,2018-11-18
273,6100,5910,2018-11-19
274,6080,5890,2018-11-20
275,6080,5890,2018-11-21
276,6080,5890,2018-11-22
277,6130,5940,2018-11-23
278,6130,5940,2018-11-24
279,6130,5940,2018-11-25
280,6130,5940,2018-11-26
281,6120,5930,2018-11-27
282,6110,5920,2018-11-28
283,6040,5850,2018-11-29
284,6090,5900,2018-11-30
285,6030,5840,2018-12-01
286,6030,5840,2018-12-02
287,6030,5840,2018-12-03
288,5940,5760,2018-12-04
289,6000,5820,2018-12-05
290,6020,5830,2018-12-06
291,6130,5940,2018-12-07
292,6120,5930,2018-12-08
293,6120,5930,2018-12-09
294,6120,5930,2018-12-10
295,6150,5960,2018-12-11
296,6160,5970,2018-12-12
297,6160,5970,2018-12-13
298,6160,5970,2018-12-14
299,6150,5960,2018-12-15
300,6150,5960,2018-12-16
301,6150,5960,2018-12-17
302,6150,5960,2018-12-18
303,6170,5980,2018-12-19
304,6150,5960,2018-12-20
305,6130,5940,2018-12-21
306,6200,6010,2018-12-22
307,6200,6010,2018-12-23
308,6200,6010,2018-12-24
309,6200,6010,2018-12-25
310,6200,6010,2018-12-26
311,6230,6040,2018-12-27
312,6250,6060,2018-12-28
313,6260,6070,2018-12-29
314,6260,6070,2018-12-30
315,6260,6070,2018-12-31
316,6270,6080,2019-01-01
317,6270,6080,2019-01-02
318,6270,6080,2019-01-03
319,6300,6110,2019-01-04
320,6290,6100,2019-01-05
321,6290,6100,2019-01-06
322,6290,6100,2019-01-07
323,6170,5980,2019-01-08
324,6170,5980,2019-01-09
325,6180,5990,2019-01-10
326,6230,6040,2019-01-11
327,6210,6020,2019-01-12
328,6210,6020,2019-01-13
329,6210,6020,2019-01-14
330,6210,6020,2019-01-15
331,6230,6040,2019-01-16
332,6200,6010,2019-01-17
333,6210,6020,2019-01-18
334,6210,6020,2019-01-19
335,6210,6020,2019-01-20
336,6210,6020,2019-01-21
337,6220,6030,2019-01-22
338,6200,6010,2019-01-23
339,6180,5990,2019-01-24
340,6170,5980,2019-01-25
341,6140,5950,2019-01-26
342,6140,5950,2019-01-27
343,6140,5950,2019-01-28
344,6240,6050,2019-01-29
345,6210,6020,2019-01-30
346,6240,6050,2019-01-31
347,6280,6090,2019-02-01
348,6240,6050,2019-02-02
349,6240,6050,2019-02-03
350,6240,6050,2019-02-04
351,6250,6060,2019-02-05
352,6270,6080,2019-02-06
353,6270,6080,2019-02-07
354,6210,6020,2019-02-08
355,6210,6020,2019-02-09
356,6210,6020,2019-02-10
357,6210,6020,2019-02-11
358,6270,6080,2019-02-12
359,6240,6050,2019-02-13
360,6240,6050,2019-02-14
361,6220,6030,2019-02-15
362,6260,6070,2019-02-16
363,6260,6070,2019-02-17
364,6260,6070,2019-02-18
365,6270,6080,2019-02-19
366,6360,6160,2019-02-20
367,6360,6160,2019-02-21
368,6360,6040,2019-02-22
369,6360,6160,2019-02-23
370,6360,6160,2019-02-24
371,6350,6030,2019-02-25
372,6350,6150,2019-02-26
373,6320,6130,2019-02-27
374,6320,6130,2019-02-28
375,6280,6090,2019-03-01
376,6260,6070,2019-03-02
377,6260,6070,2019-03-03
378,6260,6070,2019-03-04
379,6190,6000,2019-03-05
380,6230,6040,2019-03-06
381,6170,5980,2019-03-07
382,6170,5980,2019-03-08
383,6260,6070,2019-03-09
384,6260,6070,2019-03-10
385,6260,6070,2019-03-11
386,6260,6070,2019-03-12
387,6270,6080,2019-03-13
388,6290,6100,2019-03-14
389,6290,6100,2019-03-15
390,6280,6090,2019-03-16
391,6280,6090,2019-03-17
392,6280,6090,2019-03-18
393,6280,6090,2019-03-19
394,6280,6090,2019-03-20
395,6290,6100,2019-03-21
396,6300,6110,2019-03-22
397,6280,6090,2019-03-23
398,6280,6090,2019-03-24
399,6280,6090,2019-03-25
400,6270,6080,2019-03-26
401,6310,6120,2019-03-27
402,6310,6120,2019-03-28
403,6290,6100,2019-03-29
404,6360,6160,2019-03-30
405,6260,6070,2019-03-31
406,6260,6070,2019-04-01
407,6220,6030,2019-04-02
408,6260,6070,2019-04-03
409,6260,6070,2019-04-04
410,6230,6040,2019-04-05
411,6240,6050,2019-04-06
412,6240,6050,2019-04-07
413,6240,6050,2019-04-08
414,6210,6020,2019-04-09
415,6230,6040,2019-04-10
416,6260,6070,2019-04-11
417,6260,6070,2019-04-12
418,6260,6070,2019-04-13
419,6260,6070,2019-04-14
420,6260,6070,2019-04-15
421,6230,6040,2019-04-16
422,6220,6030,2019-04-17
423,6220,6030,2019-04-18
424,6210,6020,2019-04-19
425,6210,6020,2019-04-20
426,6210,6020,2019-04-21
427,6210,6020,2019-04-22
428,6150,5960,2019-04-23
429,6150,5960,2019-04-24
430,6160,5970,2019-04-25
431,6150,5960,2019-04-26
432,6230,6040,2019-04-27
433,6230,6040,2019-04-28
434,6230,6040,2019-04-29
435,6210,6020,2019-04-30
436,6190,6000,2019-05-01
437,6190,6000,2019-05-02
438,6170,5980,2019-05-03
439,6160,5970,2019-05-04
440,6160,5970,2019-05-05
441,6160,5970,2019-05-06
442,6220,6030,2019-05-07
443,6260,6070,2019-05-08
444,6240,6050,2019-05-09
445,6240,6050,2019-05-10
446,6260,6070,2019-05-11
447,6260,6070,2019-05-12
448,6260,6070,2019-05-13
449,6250,6060,2019-05-14
450,6260,6070,2019-05-15
451,6300,6110,2019-05-16
452,6310,6120,2019-05-17
453,6310,6120,2019-05-18
454,6310,6120,2019-05-19
455,6310,6120,2019-05-20
456,6280,6090,2019-05-21
457,6270,6080,2019-05-22
458,6270,6080,2019-05-23
459,6270,6080,2019-05-24
460,6280,6090,2019-05-25
461,6280,6090,2019-05-26
462,6280,6090,2019-05-27
463,6260,6070,2019-05-28
464,6290,6100,2019-05-29
465,6270,6080,2019-05-30
466,6270,6080,2019-05-31
467,6270,6080,2019-06-01
468,6270,6080,2019-06-02
469,6270,6080,2019-06-03
470,6270,6080,2019-06-04
471,6270,6080,2019-06-05
472,6270,6080,2019-06-06
473,6270,6080,2019-06-07
474,6270,6080,2019-06-08
475,6270,6080,2019-06-09
476,6300,6110,2019-06-10
477,6380,6180,2019-06-11
478,6380,6180,2019-06-12
479,6400,6200,2019-06-13
480,6420,6220,2019-06-14
481,6460,6260,2019-06-15
482,6460,6260,2019-06-16
483,6460,6260,2019-06-17
484,6470,6270,2019-06-18
485,6460,6260,2019-06-19
486,6570,6370,2019-06-20
487,6650,6450,2019-06-21
488,6660,6460,2019-06-22
489,6660,6460,2019-06-23
490,6660,6320,2019-06-24
491,6710,6500,2019-06-25
492,6750,6540,2019-06-26
493,6740,6530,2019-06-27
494,6710,6500,2019-06-28
495,6750,6540,2019-06-29
496,6750,6540,2019-06-30
497,6750,6540,2019-07-01
498,6610,6410,2019-07-02
499,6860,6650,2019-07-03
500,6760,6550,2019-07-04
501,6770,6560,2019-07-05
502,6730,6520,2019-07-06
503,6730,6520,2019-07-07
504,6730,6520,2019-07-08
505,6750,6540,2019-07-09
506,6660,6540,2019-07-10
507,6730,6520,2019-07-11
508,6700,6490,2019-07-12
509,6700,6490,2019-07-13
510,6700,6490,2019-07-14
511,6700,6490,2019-07-15
512,6660,6540,2019-07-16
513,6650,6450,2019-07-17
514,6730,6520,2019-07-18
515,6720,6510,2019-07-19
516,6760,6550,2019-07-20
517,6760,6550,2019-07-21
518,6760,6550,2019-07-22
519,6730,6520,2019-07-23
520,6700,6490,2019-07-24
521,6710,6500,2019-07-25
522,6750,6540,2019-07-26
523,6680,6470,2019-07-27
524,6680,6470,2019-07-28
525,6680,6470,2019-07-29
526,6650,6450,2019-07-30
527,6690,6480,2019-07-31
528,6760,6550,2019-08-01
529,6810,6600,2019-08-02
530,6810,6600,2019-08-03
531,6810,6600,2019-08-04
532,6810,6600,2019-08-05
533,6960,6750,2019-08-06
534,7050,6830,2019-08-07
535,7070,6850,2019-08-08
536,7170,6950,2019-08-09
537,7180,6960,2019-08-10
538,7180,6960,2019-08-11
539,7180,6960,2019-08-12
540,7300,7080,2019-08-13
541,7280,7060,2019-08-14
542,7250,7030,2019-08-15
543,7260,7040,2019-08-16
544,7290,7070,2019-08-17
545,7290,7070,2019-08-18
546,7290,7070,2019-08-19
547,7250,7030,2019-08-20
548,7130,6910,2019-08-21
549,7240,7020,2019-08-22
550,7230,7010,2019-08-23
551,7200,6980,2019-08-24
552,7200,6980,2019-08-25
553,7430,7200,2019-08-26
554,7400,7170,2019-08-27
555,7360,7130,2019-08-28
556,7360,7130,2019-08-29
557,7410,7180,2019-08-30
558,7430,7200,2019-08-31
559,7310,7090,2019-09-01
560,7310,7090,2019-09-02
561,7270,7050,2019-09-03
562,7410,7180,2019-09-04
563,7410,7180,2019-09-05
564,7350,7120,2019-09-06
565,7260,7040,2019-09-07
566,7260,7040,2019-09-08
567,7260,7040,2019-09-09
568,7230,7010,2019-09-10
569,7230,7010,2019-09-11
570,7130,6910,2019-09-12
571,7140,6920,2019-09-13
572,7110,6890,2019-09-14
573,7110,6890,2019-09-15
574,7110,6890,2019-09-16
575,7170,6950,2019-09-17
576,7130,6910,2019-09-18
577,7170,6950,2019-09-19
578,7120,6900,2019-09-20
579,7160,6940,2019-09-21
580,7160,6940,2019-09-22
581,7160,6940,2019-09-23
582,7200,6980,2019-09-24
583,7240,7020,2019-09-25
584,7280,7060,2019-09-26
585,7240,7020,2019-09-27
586,7220,7000,2019-09-28
587,7220,7000,2019-09-29
588,7220,7000,2019-09-30
589,7180,6960,2019-10-01
590,7180,6960,2019-10-02
591,7130,6910,2019-10-03
592,7200,6980,2019-10-04
593,7210,6990,2019-10-05
594,7210,6990,2019-10-06
595,7210,6990,2019-10-07
596,7210,6990,2019-10-08
597,7160,6940,2019-10-09
598,7200,6980,2019-10-10
599,7270,7050,2019-10-11
600,7160,6940,2019-10-12
601,7160,6940,2019-10-13
602,7160,6940,2019-10-14
603,7130,6910,2019-10-15
604,7180,6960,2019-10-16
605,7170,6950,2019-10-17
606,7150,6930,2019-10-18
607,7180,6960,2019-10-19
608,7180,6960,2019-10-20
609,7180,6960,2019-10-21
610,7140,6920,2019-10-22
611,7100,6880,2019-10-23
612,7110,6890,2019-10-24
613,7100,6880,2019-10-25
614,7130,6910,2019-10-26
615,7130,6910,2019-10-27
616,7130,6910,2019-10-28
617,7140,6920,2019-10-29
618,7090,6870,2019-10-30
619,7080,6860,2019-10-31
620,7170,6950,2019-11-01
621,7170,6950,2019-11-02
622,7170,6950,2019-11-03
623,7170,6950,2019-11-04
624,7170,6950,2019-11-05
625,7190,6970,2019-11-06
626,7090,6870,2019-11-07
627,7110,6890,2019-11-08
628,7020,6800,2019-11-09
629,7020,6800,2019-11-10
630,7020,6800,2019-11-11
631,7020,6800,2019-11-12
632,7020,6800,2019-11-13
633,6990,6780,2019-11-14
634,7040,6820,2019-11-15
635,7040,6820,2019-11-16
636,7040,6820,2019-11-17
637,7040,6820,2019-11-18
638,7040,6820,2019-11-19
639,7030,6810,2019-11-20
640,7050,6830,2019-11-21
641,7040,6820,2019-11-22
642,7010,6790,2019-11-23
643,7010,6790,2019-11-24
644,7010,6790,2019-11-25
645,7010,6790,2019-11-26
646,7000,6790,2019-11-27
647,7000,6790,2019-11-28
648,6990,6780,2019-11-29
649,7020,6800,2019-11-30
650,7020,6800,2019-12-01
651,7020,6800,2019-12-02
652,7020,6800,2019-12-03
653,7000,6790,2019-12-04
654,7140,6920,2019-12-05
655,7030,6810,2019-12-06
656,7070,6850,2019-12-07
657,7070,6850,2019-12-08
658,7070,6850,2019-12-09
659,7020,6800,2019-12-10
660,7010,6790,2019-12-11
661,6990,6780,2019-12-12
662,7100,6880,2019-12-13
663,7110,6890,2019-12-14
664,7010,6790,2019-12-15
665,7010,6790,2019-12-16
666,7050,6830,2019-12-17
667,7050,6830,2019-12-18
668,7050,6830,2019-12-19
669,7050,6830,2019-12-20
670,7040,6820,2019-12-21
671,7040,6820,2019-12-22
672,7040,6820,2019-12-23
673,7080,6860,2019-12-24
674,7080,6860,2019-12-25
675,7080,6860,2019-12-26
676,7100,6880,2019-12-27
677,7150,6930,2019-12-28
678,7150,6930,2019-12-29
679,7150,6930,2019-12-30
680,7160,6940,2019-12-31
681,7170,6950,2020-01-01
682,7170,6950,2020-01-02
683,7150,6930,2020-01-03
684,7260,7040,2020-01-04
685,7260,7040,2020-01-05
686,7260,7040,2020-01-06
687,7430,7200,2020-01-07
688,7410,7030,2020-01-08
689,7370,7140,2020-01-09
690,7400,7170,2020-01-10
691,7310,7090,2020-01-11
692,7310,7090,2020-01-12
693,7310,7090,2020-01-13
694,7300,7080,2020-01-14
695,7330,7110,2020-01-15
696,7220,7000,2020-01-16
697,7230,7010,2020-01-17
698,7210,6990,2020-01-18
699,7210,6990,2020-01-19
700,7210,6990,2020-01-20
701,7270,7050,2020-01-21
702,7280,7060,2020-01-22
703,7260,7040,2020-01-23
704,7210,6990,2020-01-24
705,7200,6980,2020-01-25
706,7200,6980,2020-01-26
707,7200,6980,2020-01-27
708,7220,7000,2020-01-28
709,7270,7050,2020-01-29
710,7270,7050,2020-01-30
711,7300,7080,2020-01-31
712,7300,7080,2020-02-01
713,7300,7080,2020-02-02
714,7300,7080,2020-02-03
715,7370,7140,2020-02-04
716,7370,7140,2020-02-05
717,7300,7080,2020-02-06
718,7290,7070,2020-02-07
719,7280,7060,2020-02-08
720,7280,7060,2020-02-09
721,7260,7040,2020-02-10
722,7300,7080,2020-02-11
723,7280,7060,2020-02-12
724,7270,7050,2020-02-13
725,7350,7120,2020-02-14
726,7330,7110,2020-02-15
727,7330,7110,2020-02-16
728,7330,7110,2020-02-17
729,7350,7120,2020-02-18
730,7340,7110,2020-02-19
731,7370,7140,2020-02-20
732,7400,7170,2020-02-21
733,7480,7250,2020-02-22
734,7480,7250,2020-02-23
735,7570,7340,2020-02-24
736,7600,7370,2020-02-25
737,7650,7420,2020-02-26
738,7700,7460,2020-02-27
739,7730,7490,2020-02-28
740,7820,7580,2020-02-29
741,7820,7580,2020-03-01
742,7820,7580,2020-03-02
743,7840,7600,2020-03-03
744,7900,7660,2020-03-04
745,7900,7660,2020-03-05
746,8030,7780,2020-03-06
747,8060,7810,2020-03-07
748,8060,7810,2020-03-08
749,8100,7850,2020-03-09
750,8160,7910,2020-03-10
751,8100,7850,2020-03-11
752,8040,7790,2020-03-12
753,8020,7770,2020-03-13
754,7940,7700,2020-03-14
755,7940,7700,2020-03-15
756,7940,7700,2020-03-16
757,7910,7670,2020-03-17
758,7860,7620,2020-03-18
759,7870,7630,2020-03-19
760,8130,7880,2020-03-20
761,8130,7880,2020-03-21
762,8130,7880,2020-03-22
763,8280,8030,2020-03-23
764,8470,8040,2020-03-24
765,8590,8160,2020-03-25
766,8590,8160,2020-03-26
767,8670,8230,2020-03-27
768,8690,8250,2020-03-28
769,8690,8250,2020-03-29
770,8690,8250,2020-03-30
771,8750,8230,2020-03-31
772,8760,8230,2020-04-01
773,8760,8230,2020-04-02
774,8740,8210,2020-04-03
775,8970,8250,2020-04-04
776,8970,8250,2020-04-05
777,8970,8340,2020-04-06
778,9150,8690,2020-04-07
779,9220,8940,2020-04-08
780,9240,8960,2020-04-09
781,9100,8820,2020-04-10
782,9100,8820,2020-04-11
783,9100,8820,2020-04-12
784,9100,8460,2020-04-13
785,9110,8560,2020-04-14
786,9110,8560,2020-04-15
787,9170,8610,2020-04-16
788,9190,8540,2020-04-17
789,9200,8370,2020-04-18
790,9210,8380,2020-04-19
791,9120,8390,2020-04-20
792,9060,8600,2020-04-21
793,9010,8550,2020-04-22
794,8950,8590,2020-04-23
795,8990,8720,2020-04-24
796,8990,8720,2020-04-25
797,8990,8720,2020-04-26
798,8990,8630,2020-04-27
799,8990,8720,2020-04-28
800,8960,8690,2020-04-29
801,8960,8690,2020-04-30
802,8950,8680,2020-05-01
803,8950,8680,2020-05-02
804,8950,8320,2020-05-03
805,8950,8410,2020-05-04
806,8940,8130,2020-05-05
807,8940,8130,2020-05-06
808,8920,8110,2020-05-07
809,8920,8650,2020-05-08
810,8920,8200,2020-05-09
811,8920,8650,2020-05-10
812,8920,8200,2020-05-11
813,8910,8640,2020-05-12
814,8900,8540,2020-05-13
815,8900,8540,2020-05-14
816,8890,8530,2020-05-15
817,8890,8620,2020-05-16
818,8880,8610,2020-05-17
819,8870,8420,2020-05-18
820,8890,8560,2020-05-19
821,8710,8440,2020-05-20
822,8620,8360,2020-05-21
823,8640,8380,2020-05-22
824,8520,8260,2020-05-23
825,8540,8280,2020-05-24
826,8560,8300,2020-05-25
827,8530,8270,2020-05-26
828,8550,8290,2020-05-27
829,8530,8270,2020-05-28
830,8540,8280,2020-05-29
831,8530,8270,2020-05-30
832,8550,8290,2020-05-31
833,8550,8290,2020-06-01
834,8560,8300,2020-06-02
835,8640,8380,2020-06-03
836,8460,8200,2020-06-04
837,8300,8050,2020-06-05
838,8290,8040,2020-06-06
839,8310,8060,2020-06-07
840,8320,8070,2020-06-08
841,8200,7950,2020-06-09
842,8260,8010,2020-06-10
843,8330,8080,2020-06-11
844,8300,8050,2020-06-12
845,8300,8050,2020-06-13
846,8300,8050,2020-06-14
847,8370,8110,2020-06-15
848,8370,8110,2020-06-16
849,8350,8090,2020-06-17
850,8330,8080,2020-06-18
851,8370,8110,2020-06-19
852,8350,8090,2020-06-20
853,8350,8090,2020-06-21
854,8470,8210,2020-06-22
855,8470,8210,2020-06-23
856,8570,8310,2020-06-24
857,8490,8230,2020-06-25
858,8490,8230,2020-06-26
859,8490,8230,2020-06-27
860,8490,8230,2020-06-28
861,8530,8270,2020-06-29
862,8530,8270,2020-06-30
863,8580,8320,2020-07-01
864,8600,8340,2020-07-02
865,8660,8400,2020-07-03
866,8660,8400,2020-07-04
867,8660,8400,2020-07-05
868,8660,8400,2020-07-06
869,8720,8450,2020-07-07
870,8730,8460,2020-07-08
871,8830,8560,2020-07-09
872,8840,8570,2020-07-10
873,8760,8490,2020-07-11
874,8760,8490,2020-07-12
875,8760,8490,2020-07-13
876,8800,8530,2020-07-14
877,8840,8570,2020-07-15
878,8890,8620,2020-07-16
879,8890,8620,2020-07-17
880,8880,8610,2020-07-18
881,8880,8610,2020-07-19
882,8960,8690,2020-07-20
883,9030,8750,2020-07-21
884,9070,8790,2020-07-22
885,9070,8790,2020-07-23
886,9170,8890,2020-07-24
887,9170,8890,2020-07-25
888,9170,8890,2020-07-26
889,9240,8960,2020-07-27
890,9580,9290,2020-07-28
891,9530,9240,2020-07-29
892,9530,9240,2020-07-30
893,9560,9170,2020-07-31
894,9560,9170,2020-08-01
895,9600,9210,2020-08-02
896,9600,9210,2020-08-03
897,9680,9380,2020-08-04
898,9860,9560,2020-08-05
899,9860,9560,2020-08-06
900,10050,9740,2020-08-07
901,10050,9740,2020-08-08
902,10050,9740,2020-08-09
903,10050,9740,2020-08-10
904,10020,9710,2020-08-11
905,9760,8970,2020-08-12
906,9740,9250,2020-08-13
907,9820,9520,2020-08-14
908,9820,9520,2020-08-15
909,9820,9520,2020-08-16
910,9820,9520,2020-08-17
911,9930,9630,2020-08-18
912,9980,9680,2020-08-19
913,9980,9180,2020-08-20
914,9980,9280,2020-08-21
915,9980,9180,2020-08-22
916,9980,9480,2020-08-23
917,9890,9090,2020-08-24
918,9850,9450,2020-08-25
919,9820,9520,2020-08-26
920,9850,9550,2020-08-27
921,9710,9410,2020-08-28
922,9720,9420,2020-08-29
923,9720,9420,2020-08-30
924,9730,9430,2020-08-31
925,9730,9430,2020-09-01
926,9740,9440,2020-09-02
927,9780,9480,2020-09-03
928,9760,9460,2020-09-04
929,9730,9430,2020-09-05
930,9730,9430,2020-09-06
931,9730,9430,2020-09-07
932,9720,9420,2020-09-08
933,9660,9370,2020-09-09
934,9660,9370,2020-09-10
935,9740,9440,2020-09-11
936,9780,9480,2020-09-12
937,9780,9380,2020-09-13
938,9780,9480,2020-09-14
939,9830,9530,2020-09-15
940,9800,9500,2020-09-16
941,9800,9500,2020-09-17
942,9790,9490,2020-09-18
943,9760,9460,2020-09-19
944,9760,9460,2020-09-20
945,9760,9460,2020-09-21
946,9690,9390,2020-09-22
947,9690,9390,2020-09-23
948,9660,9370,2020-09-24
949,9600,9310,2020-09-25
950,9560,9270,2020-09-26
951,9560,9270,2020-09-27
952,9560,9270,2020-09-28
953,9560,9270,2020-09-29
954,9570,9280,2020-09-30
955,9600,9310,2020-10-01
956,9590,9300,2020-10-02
957,9580,9290,2020-10-03
958,9580,9290,2020-10-04
959,9580,9290,2020-10-05
960,9600,9310,2020-10-06
961,9530,9240,2020-10-07
962,9530,9240,2020-10-08
963,9520,9230,2020-10-09
964,9520,9230,2020-10-10
965,9520,9230,2020-10-11
966,9560,9270,2020-10-12
967,9600,9310,2020-10-13
968,9600,9310,2020-10-14
969,9580,9290,2020-10-15
970,9570,9280,2020-10-16
971,9560,9270,2020-10-17
972,9560,9270,2020-10-18
973,9560,9270,2020-10-19
974,9570,9280,2020-10-20
975,9570,9280,2020-10-21
976,9570,9280,2020-10-22
977,9560,9270,2020-10-23
978,9540,9250,2020-10-24
979,9550,9260,2020-10-25
980,9510,9220,2020-10-26
981,9510,9220,2020-10-27
982,9500,9210,2020-10-28
983,9510,9220,2020-10-29
984,9490,9200,2020-10-30
985,9430,9140,2020-10-31
986,9410,9120,2020-11-01
987,9420,9130,2020-11-02
988,9390,9100,2020-11-03
989,9410,9120,2020-11-04
990,9390,9100,2020-11-05
991,9410,9120,2020-11-06
992,9410,9120,2020-11-07
993,9410,9120,2020-11-08
994,9410,9120,2020-11-09
995,9270,8990,2020-11-10
996,9240,8960,2020-11-11
997,9070,8790,2020-11-12
998,9150,8870,2020-11-13
999,9170,8890,2020-11-14
1000,9140,8860,2020-11-15
1001,9190,8910,2020-11-16
1002,9200,8920,2020-11-17
1003,9140,8860,2020-11-18
1004,9110,8830,2020-11-19
1005,9110,8830,2020-11-20
1006,9120,8840,2020-11-21
1007,9120,8840,2020-11-22
1008,9140,8860,2020-11-23
1009,9070,8790,2020-11-24
1010,8900,8630,2020-11-25
1011,8900,8630,2020-11-26
1012,8910,8640,2020-11-27
1013,8810,8540,2020-11-28
1014,8880,8610,2020-11-29
1015,8850,8580,2020-11-30
1016,8770,8500,2020-12-01
1017,8820,8550,2020-12-02
1018,8820,8550,2020-12-03
1019,8890,8620,2020-12-04
1020,8900,8630,2020-12-05
1021,8920,8650,2020-12-06
1022,8930,8660,2020-12-07
1023,9020,8740,2020-12-08
1024,9030,8660,2020-12-09
1025,9040,8760,2020-12-10
1026,8980,8710,2020-12-11
1027,8920,8650,2020-12-12
1028,8930,8660,2020-12-13
1029,8940,8670,2020-12-14
1030,8950,8680,2020-12-15
1031,8960,8690,2020-12-16
1032,9060,8780,2020-12-17
1033,9060,8780,2020-12-18
1034,9100,8820,2020-12-19
1035,9110,8740,2020-12-20
1036,9120,8750,2020-12-21
1037,9140,8860,2020-12-22
1038,9140,8860,2020-12-23
1039,9110,8830,2020-12-24
1040,9110,8830,2020-12-25
1041,9110,8830,2020-12-26
1042,9120,8660,2020-12-27
1043,9120,8750,2020-12-28
1044,9140,8860,2020-12-29
1045,9100,8820,2020-12-30
1046,9110,8830,2020-12-31
1047,9110,8830,2021-01-01
1048,9110,8830,2021-01-02
1049,9120,8840,2021-01-03
1050,9110,8740,2021-01-04
1051,9140,8860,2021-01-05
1052,9200,8920,2021-01-06
1053,9070,8790,2021-01-07
1054,9080,8800,2021-01-08
1055,9080,8800,2021-01-09
1056,9080,8800,2021-01-10
1057,9060,8780,2021-01-11
1058,9060,8780,2021-01-12
1059,8960,8690,2021-01-13
1060,8930,8660,2021-01-14
1061,8930,8660,2021-01-15
1062,8930,8660,2021-01-16
1063,8930,8660,2021-01-17
1064,8930,8660,2021-01-18
1065,8950,8680,2021-01-19
1066,8980,8710,2021-01-20
1067,9010,8730,2021-01-21
1068,8950,8680,2021-01-22
1069,8950,8680,2021-01-23
1070,8950,8680,2021-01-24
1071,8950,8680,2021-01-25
1072,8950,8680,2021-01-26
1073,8890,8620,2021-01-27
1074,8860,8590,2021-01-28
1075,8870,8600,2021-01-29
1076,8870,8600,2021-01-30
1077,8870,8600,2021-01-31
1078,8870,8600,2021-02-01
1079,8850,8580,2021-02-02
1080,8850,8580,2021-02-03
1081,8830,8560,2021-02-04
1082,8720,8450,2021-02-05
1083,8800,8530,2021-02-06
1084,8800,8530,2021-02-07
1085,8810,8540,2021-02-08
1086,8840,8570,2021-02-09
1087,8840,8570,2021-02-10
1088,8810,8540,2021-02-11
1089,8830,8560,2021-02-12
1090,8770,8500,2021-02-13
1091,8770,8500,2021-02-14
1092,8740,8470,2021-02-15
1093,8740,8470,2021-02-16
1094,8660,8400,2021-02-17
1095,8660,8400,2021-02-18
1096,8660,8400,2021-02-19
1097,8660,8400,2021-02-20
1098,8700,8430,2021-02-21
1099,8700,8260,2021-02-22
1100,8780,8420,2021-02-23
1101,8780,8510,2021-02-24
1102,8760,8490,2021-02-25
1103,8710,8440,2021-02-26
1104,8710,8440,2021-02-27
1105,8660,8400,2021-02-28
1106,8660,8400,2021-03-01
1107,8570,8310,2021-03-02
1108,8680,8410,2021-03-03
1109,8680,8410,2021-03-04
1110,8580,8320,2021-03-05
1111,8600,8340,2021-03-06
1112,8600,8340,2021-03-07
1113,8600,8340,2021-03-08
1114,8570,8310,2021-03-09
1115,8690,8420,2021-03-10
1116,8660,8310,2021-03-11
1117,8680,8330,2021-03-12
1118,8660,8400,2021-03-13
1119,8660,8220,2021-03-14
1120,8660,8310,2021-03-15
1121,8700,8170,2021-03-16
1122,8710,8360,2021-03-17
1123,8710,8440,2021-03-18
1124,8680,8410,2021-03-19
1125,8730,8200,2021-03-20
1126,8730,7980,2021-03-21
1127,8650,8130,2021-03-22
1128,8630,8280,2021-03-23
1129,8630,8370,2021-03-24
1130,8620,8360,2021-03-25
1131,8620,8360,2021-03-26
1132,8640,8380,2021-03-27
1133,8640,8380,2021-03-28
1134,8620,8270,2021-03-29
1135,8550,8290,2021-03-30
1136,8550,8290,2021-03-31
1137,8550,8290,2021-04-01
1138,8640,8380,2021-04-02
1139,8640,8380,2021-04-03
1140,8640,7940,2021-04-04
1141,8620,8270,2021-04-05
1142,8620,8360,2021-04-06
1143,8650,8390,2021-04-07
1144,8660,8310,2021-04-08
1145,8740,8210,2021-04-09
1146,8700,8170,2021-04-10
1147,8700,8170,2021-04-11
1148,8680,8240,2021-04-12
1149,8700,8260,2021-04-13
1150,8780,8420,2021-04-14
1151,8710,8270,2021-04-15
1152,8880,8160,2021-04-16
1153,8880,8340,2021-04-17
1154,8880,8081,2021-04-18
1155,8820,8290,2021-04-19
1156,8780,8250,2021-04-20
1157,8840,8300,2021-04-21
1158,8870,8420,2021-04-22
1159,8820,8460,2021-04-23
1160,8780,8420,2021-04-24
1161,8780,8510,2021-04-25
1162,8780,8420,2021-04-26
1163,8780,8420,2021-04-27
1164,8770,8410,2021-04-28
1165,8780,8510,2021-04-29
1166,8660,8400,2021-04-30
1167,8680,8410,2021-05-01
1168,8680,8410,2021-05-02
1169,8680,8410,2021-05-03
1170,8770,8500,2021-05-04
1171,8690,8420,2021-05-05
1172,8690,8420,2021-05-06
1173,8830,8560,2021-05-07
1174,8850,8490,2021-05-08
1175,8850,8230,2021-05-09
1176,8850,8400,2021-05-10
1177,8830,8380,2021-05-11
1178,8840,8570,2021-05-12
1179,8820,8550,2021-05-13
1180,8770,8500,2021-05-14
1181,8870,8420,2021-05-15
1182,8870,8330,2021-05-16
1183,8900,8540,2021-05-17
1184,8970,8610,2021-05-18
1185,8970,8520,2021-05-19
1186,9050,8590,2021-05-20
1187,9040,8580,2021-05-21
1188,9040,8490,2021-05-22
1189,9040,8310,2021-05-23
1190,9040,8760,2021-05-24
1191,9040,8760,2021-05-25
1192,9140,8770,2021-05-26
1193,9140,8860,2021-05-27
1194,9090,8540,2021-05-28
1195,9090,8630,2021-05-29
1196,9140,8400,2021-05-30
1197,9140,8680,2021-05-31
1198,9140,8770,2021-06-01
1199,9100,8730,2021-06-02
1200,9120,8750,2021-06-03
1201,9060,8780,2021-06-04
1202,9110,8740,2021-06-05
1203,9110,8470,2021-06-06
1204,9110,8830,2021-06-07
1205,9120,8750,2021-06-08
1206,9060,8780,2021-06-09
1207,9060,8780,2021-06-10
1208,9060,8780,2021-06-11
1209,9060,8780,2021-06-12
1210,9000,8730,2021-06-13
1211,8970,8700,2021-06-14
1212,8950,8680,2021-06-15
1213,8970,8700,2021-06-16
1214,8900,8630,2021-06-17
1215,8790,8520,2021-06-18
1216,8820,8550,2021-06-19
1217,8820,8550,2021-06-20
1218,8820,8550,2021-06-21
1219,8820,8550,2021-06-22
1220,8820,8550,2021-06-23
1221,8820,8550,2021-06-24
1222,8840,8570,2021-06-25
1223,8840,8570,2021-06-26
1224,8840,8570,2021-06-27
1225,8840,8570,2021-06-28
1226,8830,8560,2021-06-29
1227,8790,8520,2021-06-30
1228,8830,8560,2021-07-01
1229,8830,8560,2021-07-02
1230,8830,8560,2021-07-03
1231,8830,8560,2021-07-04
1232,8830,8560,2021-07-05
1233,8830,8560,2021-07-06
1234,8820,8550,2021-07-07
1235,8850,8580,2021-07-08
1236,8880,8610,2021-07-09
1237,8860,8590,2021-07-10
1238,8860,8500,2021-07-11
1239,8830,8470,2021-07-12
1240,8840,8570,2021-07-13
1241,8830,8560,2021-07-14
1242,8830,8560,2021-07-15
1243,8910,8550,2021-07-16
1244,8860,8590,2021-07-17
1245,8860,8500,2021-07-18
1246,8860,8320,2021-07-19
1247,8830,8560,2021-07-20
1248,8830,8470,2021-07-21
1249,8830,8470,2021-07-22
1250,8810,8540,2021-07-23
1251,8810,8540,2021-07-24
1252,8810,8540,2021-07-25
1253,8810,8540,2021-07-26
1254,8810,8540,2021-07-27
1255,8810,8540,2021-07-28
1256,8840,8570,2021-07-29
1257,8890,8620,2021-07-30
1258,8890,8620,2021-07-31
1259,8860,8590,2021-08-01
1260,8860,8590,2021-08-02
1261,8830,8560,2021-08-03
1262,8820,8550,2021-08-04
1263,8800,8530,2021-08-05
1264,8790,8520,2021-08-06
1265,8700,8430,2021-08-07
1266,8700,8430,2021-08-08
1267,8660,8400,2021-08-09
1268,8660,8400,2021-08-10
1269,8640,8380,2021-08-11
1270,8690,8420,2021-08-12
1271,8690,8420,2021-08-13
1272,8800,8530,2021-08-14
1273,8800,8530,2021-08-15
1274,8800,8360,2021-08-16
1275,8830,8560,2021-08-17
1276,8830,8120,2021-08-18
1277,8760,8490,2021-08-19
1278,8760,8490,2021-08-20
1279,8740,8390,2021-08-21
1280,8740,8390,2021-08-22
1281,8760,8320,2021-08-23
1282,8760,8400,2021-08-24
1283,8740,8470,2021-08-25
1284,8720,8450,2021-08-26
1285,8730,8460,2021-08-27
1286,8780,8510,2021-08-28
1287,8780,8420,2021-08-29
1288,8780,8510,2021-08-30
1289,8740,8390,2021-08-31
1290,8740,8470,2021-09-01
1291,8740,8470,2021-09-02
1292,8750,8480,2021-09-03
1293,8730,8460,2021-09-04
1294,8730,8460,2021-09-05
1295,8760,8400,2021-09-06
1296,8760,8400,2021-09-07
1297,8700,8430,2021-09-08
1298,8690,8420,2021-09-09
1299,8710,8440,2021-09-10
1300,8680,8330,2021-09-11
1301,8680,8410,2021-09-12
1302,8680,8330,2021-09-13
1303,8660,8400,2021-09-14
1304,8670,8400,2021-09-15
1305,8670,8400,2021-09-16
1306,8600,8340,2021-09-17
1307,8600,8340,2021-09-18
1308,8600,8340,2021-09-19
1309,8590,8330,2021-09-20
1310,8620,8360,2021-09-21
1311,8680,8410,2021-09-22
1312,8670,8400,2021-09-23
1313,8620,8360,2021-09-24
1314,8620,8360,2021-09-25
1315,8670,8400,2021-09-26
1316,8620,8360,2021-09-27
1317,8600,8340,2021-09-28
1318,8570,8310,2021-09-29
1319,8580,8320,2021-09-30
1320,8600,8340,2021-10-01
1321,8600,8340,2021-10-02
1322,8600,8340,2021-10-03
1323,8600,8340,2021-10-04
1324,8570,8310,2021-10-05
1325,8550,8290,2021-10-06
1326,8550,8290,2021-10-07
1327,8560,8300,2021-10-08
1328,8560,8300,2021-10-09
1329,8560,8210,2021-10-10
1330,8550,8290,2021-10-11
1331,8550,8290,2021-10-12
1332,8540,8280,2021-10-13
1333,8630,8280,2021-10-14
1334,8580,8230,2021-10-15
1335,8550,8200,2021-10-16
1336,8550,8200,2021-10-17
1337,8540,8280,2021-10-18
1338,8540,8280,2021-10-19
1339,8540,8280,2021-10-20
1340,8580,8230,2021-10-21
1341,8580,8230,2021-10-22
1342,8580,8320,2021-10-23
1343,8580,8230,2021-10-24
1344,8580,8320,2021-10-25
1345,8620,8360,2021-10-26
1346,8570,8310,2021-10-27
1347,8570,8310,2021-10-28
1348,8590,8330,2021-10-29
1349,8560,8300,2021-10-30
1350,8560,8300,2021-10-31
1351,8560,8300,2021-11-01
1352,8590,8330,2021-11-02
1353,8600,8340,2021-11-03
1354,8590,8330,2021-11-04
1355,8670,8400,2021-11-05
1356,8670,8320,2021-11-06
1357,8670,8320,2021-11-07
1358,8670,8320,2021-11-08
1359,8710,8360,2021-11-09
1360,8740,8390,2021-11-10
1361,8850,8580,2021-11-11
1362,8870,8510,2021-11-12
1363,8870,8330,2021-11-13
1364,8870,8240,2021-11-14
1365,8850,8310,2021-11-15
1366,8850,8490,2021-11-16
1367,8840,8390,2021-11-17
1368,8900,8540,2021-11-18
1369,8900,8360,2021-11-19
1370,8860,8590,2021-11-20
1371,8860,8320,2021-11-21
1372,8860,8320,2021-11-22
1373,8770,8240,2021-11-23
1374,8740,8390,2021-11-24
1375,8740,8470,2021-11-25
1376,8740,8470,2021-11-26
1377,8740,8470,2021-11-27
1378,8740,8470,2021-11-28
1379,8740,8390,2021-11-29
1380,8740,8470,2021-11-30
1381,8720,8450,2021-12-01
1382,8720,8450,2021-12-02
1383,8730,8460,2021-12-03
1384,8750,8480,2021-12-04
1385,8750,8400,2021-12-05
1386,8750,8400,2021-12-06
1387,8730,8460,2021-12-07
1388,8730,8460,2021-12-08
1389,8750,8480,2021-12-09
1390,8730,8460,2021-12-10
1391,8730,8460,2021-12-11
1392,8730,8380,2021-12-12
1393,8730,8380,2021-12-13
1394,8740,8390,2021-12-14
1395,8720,8450,2021-12-15
1396,8720,8450,2021-12-16
1397,8750,8480,2021-12-17
1398,8790,8430,2021-12-18
1399,8790,8080,2021-12-19
1400,8770,8410,2021-12-20
1401,8740,8390,2021-12-21
1402,8740,8470,2021-12-22
1403,8740,8470,2021-12-23
1404,8740,8470,2021-12-24
1405,8740,8470,2021-12-25
1406,8740,8470,2021-12-26
1407,8740,8470,2021-12-27
1408,8740,8470,2021-12-28
1409,8740,8470,2021-12-29
1410,8740,8470,2021-12-30
1411,8780,8510,2021-12-31
1412,8780,8510,2022-01-01
1413,8780,8510,2022-01-02
1414,8800,8440,2022-01-03
1415,8770,8410,2022-01-04
1416,8770,8410,2022-01-05
1417,8770,8410,2022-01-06
1418,8740,8300,2022-01-07
1419,8740,8300,2022-01-08
1420,8740,8040,2022-01-09
1421,8740,8470,2022-01-10
1422,8740,8470,2022-01-11
1423,8740,8470,2022-01-12
1424,8740,8470,2022-01-13
1425,8750,8400,2022-01-14
1426,8750,8310,2022-01-15
1427,8750,8310,2022-01-16
1428,8740,8210,2022-01-17
1429,8740,8300,2022-01-18
1430,8730,8200,2022-01-19
1431,8840,8390,2022-01-20
1432,8840,8130,2022-01-21
1433,8840,8130,2022-01-22
1434,8840,8130,2022-01-23
1435,8830,8300,2022-01-24
1436,8830,8380,2022-01-25
1437,8860,8320,2022-01-26
1438,8800,8270,2022-01-27
1439,8760,8400,2022-01-28
1440,8760,8490,2022-01-29
1441,8760,8490,2022-01-30
1442,8760,8400,2022-01-31
1443,8760,8490,2022-02-01
1444,8760,8490,2022-02-02
1445,8760,8490,2022-02-03
1446,8740,8470,2022-02-04
1447,8740,8470,2022-02-05
1448,8740,8390,2022-02-06
1449,8750,8400,2022-02-07
1450,8770,8410,2022-02-08
1451,8770,8410,2022-02-09
1452,8780,8340,2022-02-10
1453,8780,8340,2022-02-11
1454,8900,8450,2022-02-12
1455,8900,8180,2022-02-13
1456,8880,8430,2022-02-14
1457,8920,8470,2022-02-15
1458,8860,8410,2022-02-16
1459,8900,8450,2022-02-17
1460,8980,8530,2022-02-18
1461,8980,8530,2022-02-19
1462,8980,8530,2022-02-20
1463,9040,8580,2022-02-21
1464,9040,8580,2022-02-22
1465,9040,8580,2022-02-23
1466,9140,8680,2022-02-24
1467,9140,8680,2022-02-25
1468,9120,8660,2022-02-26
1469,9120,8660,2022-02-27
1470,9160,8700,2022-02-28
1471,9120,8660,2022-03-01
1472,9260,8700,2022-03-02
1473,9220,8660,2022-03-03
1474,9260,8700,2022-03-04
1475,9350,8780,2022-03-05
1476,9350,8690,2022-03-06
1477,9420,8760,2022-03-07
1478,9440,8770,2022-03-08
1479,9650,9070,2022-03-09
1480,9380,8810,2022-03-10
1481,9440,8770,2022-03-11
1482,9420,8760,2022-03-12
1483,9420,8760,2022-03-13
1484,9390,8730,2022-03-14
1485,9290,8910,2022-03-15
1486,9220,8850,2022-03-16
1487,9240,8870,2022-03-17
1488,9270,8800,2022-03-18
1489,9170,8710,2022-03-19
1490,9170,8610,2022-03-20
1491,9170,8710,2022-03-21
1492,9220,8750,2022-03-22
1493,9180,8620,2022-03-23
1494,9290,8730,2022-03-24
1495,9370,8800,2022-03-25
1496,9360,8790,2022-03-26
1497,9360,8790,2022-03-27
1498,9300,8740,2022-03-28
1499,9230,8860,2022-03-29
1500,9200,8830,2022-03-30
1501,9220,8940,2022-03-31
1502,9240,8960,2022-04-01
1503,9220,8940,2022-04-02
1504,9220,8940,2022-04-03
1505,9220,8940,2022-04-04
1506,9240,8870,2022-04-05
1507,9210,8930,2022-04-06
1508,9210,8930,2022-04-07
1509,9230,8670,2022-04-08
1510,9320,9040,2022-04-09
1511,9320,9040,2022-04-10
1512,9320,9040,2022-04-11
1513,9340,9050,2022-04-12
1514,9390,8920,2022-04-13
1515,9430,8950,2022-04-14
1516,9410,8930,2022-04-15
1517,9410,8930,2022-04-16
1518,9410,8930,2022-04-17
1519,9470,8990,2022-04-18
1520,9430,8950,2022-04-19
1521,9300,8830,2022-04-20
1522,9330,8950,2022-04-21
1523,9310,8930,2022-04-22
1524,9250,8970,2022-04-23
1525,9250,8970,2022-04-24
1526,9250,8970,2022-04-25
1527,9220,8940,2022-04-26
1528,9220,8940,2022-04-27
1529,9160,8880,2022-04-28
1530,9180,8900,2022-04-29
1531,9230,8950,2022-04-30
1532,9230,8950,2022-05-01
1533,9230,8950,2022-05-02
1534,9180,8900,2022-05-03
1535,9150,8870,2022-05-04
1536,9150,8870,2022-05-05
1537,9180,8900,2022-05-06
1538,9150,8870,2022-05-07
1539,9150,8870,2022-05-08
1540,9150,8870,2022-05-09
1541,9130,8850,2022-05-10
1542,9130,8850,2022-05-11
1543,9150,8870,2022-05-12
1544,9090,8810,2022-05-13
1545,9070,8790,2022-05-14
1546,9070,8790,2022-05-15
1547,9070,8790,2022-05-16
1548,9130,8850,2022-05-17
1549,9130,8850,2022-05-18
1550,9110,8830,2022-05-19
1551,9170,8890,2022-05-20
1552,9190,8910,2022-05-21
1553,9200,8740,2022-05-22
1554,9200,8740,2022-05-23
1555,9200,8740,2022-05-24
1556,9200,8920,2022-05-25
1557,9200,8920,2022-05-26
1558,9180,8900,2022-05-27
1559,9220,8940,2022-05-28
1560,9200,8920,2022-05-29
1561,9200,8920,2022-05-30
1562,9180,8900,2022-05-31
1563,9150,8870,2022-06-01
1564,9150,8870,2022-06-02
1565,9210,8840,2022-06-03
1566,9140,8860,2022-06-04
1567,9140,8860,2022-06-05
1568,9140,8860,2022-06-06
1569,9110,8830,2022-06-07
1570,9130,8850,2022-06-08
1571,9130,8850,2022-06-09
1572,9130,8850,2022-06-10
1573,9210,8930,2022-06-11
1574,9210,8840,2022-06-12
1575,9210,8840,2022-06-13
1576,9090,8630,2022-06-14
1577,9090,8810,2022-06-15
1578,9150,8870,2022-06-16
1579,9220,8940,2022-06-17
1580,9210,8740,2022-06-18
1581,9210,8740,2022-06-19
1582,9210,8740,2022-06-20
1583,9230,8950,2022-06-21
1584,9170,8710,2022-06-22
1585,9230,8860,2022-06-23
1586,9180,8810,2022-06-24
1587,9180,8900,2022-06-25
1588,9180,8900,2022-06-26
1589,9180,8900,2022-06-27
1590,9150,8780,2022-06-28
1591,9150,8870,2022-06-29
1592,9130,8850,2022-06-30
1593,9110,8830,2022-07-01
1594,9080,8800,2022-07-02
1595,9120,8840,2022-07-03
1596,9120,8840,2022-07-04
1597,9120,8840,2022-07-05
1598,9030,8750,2022-07-06
1599,8960,8690,2022-07-07
1600,8960,8690,2022-07-08
1601,8950,8680,2022-07-09
1602,8950,8680,2022-07-10
1603,8950,8680,2022-07-11
1604,8950,8680,2022-07-12
1605,8940,8670,2022-07-13
1606,8930,8660,2022-07-14
1607,8910,8640,2022-07-15
1608,8890,8620,2022-07-16
1609,8900,8630,2022-07-17
1610,8900,8630,2022-07-18
1611,8930,8660,2022-07-19
1612,8910,8640,2022-07-20
1613,8880,8610,2022-07-21
1614,8940,8670,2022-07-22
1615,8960,8690,2022-07-23
1616,8960,8690,2022-07-24
1617,8960,8690,2022-07-25
1618,8980,8710,2022-07-26
1619,8950,8680,2022-07-27
1620,9040,8760,2022-07-28
1621,9040,8760,2022-07-29
1622,9080,8800,2022-07-30
1623,9080,8800,2022-07-31
1624,9060,8780,2022-08-01
1625,9090,8810,2022-08-02
1626,9070,8790,2022-08-03
1627,9110,8830,2022-08-04
1628,9170,8800,2022-08-05
1629,9120,8660,2022-08-06
1630,9120,8750,2022-08-07
1631,9130,8850,2022-08-08
1632,9160,8700,2022-08-09
1633,9140,8680,2022-08-10
1634,9140,8770,2022-08-11
1635,9100,8730,2022-08-12
1636,9110,8740,2022-08-13
1637,9110,8650,2022-08-14
1638,9090,8630,2022-08-15
1639,9000,8730,2022-08-16
1640,9000,8730,2022-08-17
1641,8970,8610,2022-08-18
1642,8980,8710,2022-08-19
1643,8950,8680,2022-08-20
1644,8930,8660,2022-08-21
1645,8930,8660,2022-08-22
1646,8910,8640,2022-08-23
1647,8910,8640,2022-08-24
1648,8950,8680,2022-08-25
1649,8970,8700,2022-08-26
1650,8890,8620,2022-08-27
1651,8890,8620,2022-08-28
1652,8890,8620,2022-08-29
1653,8860,8590,2022-08-30
1654,8830,8560,2022-08-31
1655,8800,8530,2022-09-01
1656,8780,8510,2022-09-02
1657,8810,8540,2022-09-03
1658,8810,8540,2022-09-04
1659,8810,8540,2022-09-05
1660,8810,8540,2022-09-06
1661,8770,8500,2022-09-07
1662,8790,8520,2022-09-08
1663,8820,8550,2022-09-09
1664,8840,8570,2022-09-10
1665,8830,8560,2022-09-11
1666,8830,8560,2022-09-12
1667,8810,8540,2022-09-13
1668,8790,8520,2022-09-14
1669,8790,8520,2022-09-15
1670,8750,8480,2022-09-16
1671,8740,8470,2022-09-17
1672,8740,8470,2022-09-18
1673,8740,8470,2022-09-19
1674,8710,8440,2022-09-20
1675,8720,8450,2022-09-21
1676,8730,8460,2022-09-22
1677,8730,8460,2022-09-23
1678,8720,8450,2022-09-24
1679,8720,8450,2022-09-25
1680,8720,8450,2022-09-26
1681,8690,8420,2022-09-27
1682,8670,8400,2022-09-28
1683,8740,8470,2022-09-29
1684,8720,8450,2022-09-30
1685,8740,8470,2022-10-01
1686,8710,8440,2022-10-02
1687,9300,8830,2022-10-03
1688,8830,8560,2022-10-04
1689,8890,8620,2022-10-05
1690,8820,8550,2022-10-06
1691,8830,8560,2022-10-07
1692,8810,8540,2022-10-08
1693,8780,8510,2022-10-09
1694,8780,8510,2022-10-10
1695,8750,8480,2022-10-11
1696,8720,8450,2022-10-12
1697,8750,8480,2022-10-13
1698,8730,8460,2022-10-14
1699,8700,8430,2022-10-15
1700,8700,8430,2022-10-16
1701,8700,8430,2022-10-17
1702,8760,8490,2022-10-18
1703,8760,8490,2022-10-19
1704,8700,8430,2022-10-20
1705,8740,8470,2022-10-21
1706,8790,8520,2022-10-22
1707,8790,8520,2022-10-23
1708,8790,8430,2022-10-24
1709,8760,8490,2022-10-25
1710,8730,8460,2022-10-26
1711,8780,8510,2022-10-27
1712,8780,8510,2022-10-28
1713,8710,8440,2022-10-29
1714,8710,8440,2022-10-30
1715,8710,8440,2022-10-31
1716,8700,8430,2022-11-01
1717,8780,8510,2022-11-02
1718,8740,8470,2022-11-03
1719,8720,8450,2022-11-04
1720,8900,8630,2022-11-05
1721,8900,8450,2022-11-06
1722,8860,8500,2022-11-07
1723,9320,9040,2022-11-08
1724,8980,8710,2022-11-09
1725,8960,8600,2022-11-10
1726,9120,8750,2022-11-11
1727,9160,8700,2022-11-12
1728,9160,8700,2022-11-13
1729,9120,8660,2022-11-14
1730,9120,8660,2022-11-15
1731,9200,8740,2022-11-16
1732,9200,8740,2022-11-17
1733,9190,8730,2022-11-18
1734,9170,8710,2022-11-19
1735,9170,8710,2022-11-20
1736,9160,8700,2022-11-21
1737,9140,8680,2022-11-22
1738,9160,8700,2022-11-23
1739,9190,8730,2022-11-24
1740,9180,8720,2022-11-25
1741,9200,8830,2022-11-26
1742,9200,8740,2022-11-27
1743,9170,8710,2022-11-28
1744,9160,8700,2022-11-29
1745,9200,8740,2022-11-30
1746,9290,8820,2022-12-01
1747,9340,8870,2022-12-02
1748,9320,8850,2022-12-03
1749,9320,8850,2022-12-04
1750,9290,8820,2022-12-05
1751,9210,8740,2022-12-06
1752,9230,8860,2022-12-07
1753,9310,8930,2022-12-08
1754,9330,8860,2022-12-09
1755,9370,8900,2022-12-10
1756,9370,8900,2022-12-11
1757,9320,8850,2022-12-12
1758,9310,8840,2022-12-13
1759,9410,8930,2022-12-14
1760,9390,8920,2022-12-15
1761,9340,9050,2022-12-16
1762,9390,8920,2022-12-17
1763,9390,8920,2022-12-18
1764,9370,8900,2022-12-19
1765,9330,8860,2022-12-20
1766,9440,8960,2022-12-21
1767,9450,8970,2022-12-22
1768,9350,8880,2022-12-23
1769,9380,9000,2022-12-24
1770,9380,9000,2022-12-25
1771,9380,9090,2022-12-26
1772,9400,9110,2022-12-27
1773,9460,9170,2022-12-28
1774,9430,9140,2022-12-29
1775,9480,9190,2022-12-30
1776,9560,9270,2022-12-31
1777,9560,9270,2023-01-01
1778,9510,9030,2023-01-02
1779,9570,9090,2023-01-03
1780,9600,9210,2023-01-04
1781,9670,9180,2023-01-05
1782,9570,9090,2023-01-06
1783,9680,9290,2023-01-07
1784,9680,9190,2023-01-08
1785,9700,9210,2023-01-09
1786,9720,9230,2023-01-10
1787,9740,9250,2023-01-11
1788,9740,9250,2023-01-12
1789,9770,9370,2023-01-13
1790,9810,9310,2023-01-14
1791,9810,9510,2023-01-15
1792,9750,9260,2023-01-16
1793,9650,9260,2023-01-17
1794,9650,9360,2023-01-18
1795,9640,9350,2023-01-19
1796,9770,9370,2023-01-20
1797,9770,9470,2023-01-21
1798,9740,9440,2023-01-22
1799,9740,9350,2023-01-23
1800,9740,9440,2023-01-24
1801,9770,9470,2023-01-25
1802,9680,9380,2023-01-26
1803,9730,9430,2023-01-27
1804,9660,9370,2023-01-28
1805,9660,9370,2023-01-29
1806,9660,9370,2023-01-30
1807,9680,9380,2023-01-31
1808,9650,9360,2023-02-01
1809,9670,9370,2023-02-02
1810,9800,9500,2023-02-03
1811,9640,9350,2023-02-04
1812,9490,9200,2023-02-05
1813,9490,9200,2023-02-06
1814,9530,9240,2023-02-07
1815,9540,9250,2023-02-08
1816,9630,9340,2023-02-09
1817,9600,9310,2023-02-10
1818,9500,9210,2023-02-11
1819,9520,9230,2023-02-12
1820,9520,9230,2023-02-13
1821,9480,9190,2023-02-14
1822,9510,9220,2023-02-15
1823,9460,9170,2023-02-16
1824,9400,9110,2023-02-17
1825,9340,9050,2023-02-18
1826,9400,9110,2023-02-19
1827,9400,9110,2023-02-20
1828,9420,9130,2023-02-21
1829,9360,9070,2023-02-22
1830,9370,9080,2023-02-23
1831,9340,9050,2023-02-24
1832,9310,9030,2023-02-25
1833,9290,9010,2023-02-26
1834,9290,9010,2023-02-27
1835,9300,9020,2023-02-28
1836,9300,9020,2023-03-01
1837,9380,9090,2023-03-02
1838,9380,9090,2023-03-03
1839,9420,9130,2023-03-04
1840,9470,9180,2023-03-05
1841,9470,9180,2023-03-06
1842,9740,9180,2023-03-07
1843,9460,9170,2023-03-08
1844,9400,9110,2023-03-09
1845,9810,9510,2023-03-10
1846,9470,9180,2023-03-11
1847,9620,9130,2023-03-12
1848,9620,9330,2023-03-13
1849,9700,9400,2023-03-14
1850,9780,9480,2023-03-15
1851,9770,9470,2023-03-16
1852,9860,9560,2023-03-17
1853,9940,9640,2023-03-18
1854,10180,9870,2023-03-19
1855,9620,9130,2023-03-20
1856,10170,9860,2023-03-21
1857,10100,9790,2023-03-22
1858,9990,9690,2023-03-23
1859,10180,9670,2023-03-24
1860,10170,9860,2023-03-25
1861,10110,9800,2023-03-26
1862,10110,9800,2023-03-27
1863,10010,9700,2023-03-28
1864,9940,9640,2023-03-29
1865,9950,9650,2023-03-30
1866,9940,9640,2023-03-31
1867,9970,9670,2023-04-01
1868,9920,9620,2023-04-02
1869,9920,9620,2023-04-03
1870,9920,9620,2023-04-04
1871,9940,9640,2023-04-05
1872,10050,9640,2023-04-06
1873,10080,9770,2023-04-07
1874,10020,9710,2023-04-08
1875,10020,9710,2023-04-09
1876,10020,9710,2023-04-10
1877,10000,9700,2023-04-11
1878,9990,9690,2023-04-12
1879,10000,9700,2023-04-13
1880,10070,9760,2023-04-14
1881,10070,9760,2023-04-15
1882,9940,9640,2023-04-16
1883,9940,9640,2023-04-17
1884,9940,9640,2023-04-18
1885,9890,9590,2023-04-19
1886,9860,9560,2023-04-20
1887,9880,9580,2023-04-21
1888,9860,9560,2023-04-22
1889,9850,9550,2023-04-23
1890,9850,9550,2023-04-24
1891,9850,9550,2023-04-25
1892,9870,9570,2023-04-26
1893,9920,9620,2023-04-27
1894,9930,9630,2023-04-28
1895,9880,9580,2023-04-29
1896,9900,9600,2023-04-30
1897,9900,9600,2023-05-01
1898,9900,9600,2023-05-02
1899,9870,9570,2023-05-03
1900,9960,9660,2023-05-04
1901,10050,9740,2023-05-05
1902,10040,9730,2023-05-06
1903,9930,9630,2023-05-07
1904,9930,9630,2023-05-08
1905,9960,9660,2023-05-09
1906,10000,9700,2023-05-10
1907,10060,9750,2023-05-11
1908,10040,9730,2023-05-12
1909,9960,9660,2023-05-13
1910,9940,9640,2023-05-14
1911,9940,9640,2023-05-15
1912,9970,9670,2023-05-16
1913,9970,9670,2023-05-17
1914,9910,9610,2023-05-18
1915,9910,9610,2023-05-19
1916,9820,9520,2023-05-20
1917,9880,9580,2023-05-21
1918,9880,9580,2023-05-22
1919,9890,9590,2023-05-23
1920,9860,9560,2023-05-24
1921,9890,9590,2023-05-25
1922,9810,9510,2023-05-26
1923,9820,9520,2023-05-27
1924,9860,9560,2023-05-28
1925,9860,9560,2023-05-29
1926,9850,9550,2023-05-30
1927,9860,9560,2023-05-31
1928,9910,9610,2023-06-01
1929,9910,9610,2023-06-02
1930,9960,9660,2023-06-03
1931,9910,9610,2023-06-04
1932,9890,9490,2023-06-05
1933,9880,9580,2023-06-06
1934,9910,9610,2023-06-07
1935,9870,9570,2023-06-08
1936,9850,9550,2023-06-09
1937,9860,9560,2023-06-10
1938,9860,9560,2023-06-11
1939,9860,9560,2023-06-12
1940,9830,9530,2023-06-13
1941,9820,9520,2023-06-14
1942,9800,9500,2023-06-15
1943,9790,9490,2023-06-16
1944,9870,9570,2023-06-17
1945,9860,9560,2023-06-18
1946,9860,9560,2023-06-19
1947,9820,9520,2023-06-20
1948,9820,9520,2023-06-21
1949,9800,9500,2023-06-22
1950,9790,9490,2023-06-23
1951,9780,9480,2023-06-24
1952,9780,9480,2023-06-25
1953,9780,9480,2023-06-26
1954,9760,9460,2023-06-27
1955,9740,9440,2023-06-28
1956,9720,9420,2023-06-29
1957,9720,9420,2023-06-30
1958,9720,9420,2023-07-01
1959,9720,9420,2023-07-02
1960,9720,9420,2023-07-03
1961,9730,9430,2023-07-04
1962,9750,9450,2023-07-05
1963,9760,9460,2023-07-06
1964,9740,9440,2023-07-07
1965,9730,9430,2023-07-08
1966,9760,9460,2023-07-09
1967,9760,9460,2023-07-10
1968,9790,9490,2023-07-11
1969,9860,9560,2023-07-12
1970,9860,9560,2023-07-13
1971,9900,9600,2023-07-14
1972,9850,9550,2023-07-15
1973,9830,9530,2023-07-16
1974,9830,9530,2023-07-17
1975,9830,9530,2023-07-18
1976,9850,9550,2023-07-19
1977,9930,9630,2023-07-20
1978,9940,9640,2023-07-21
1979,9870,9570,2023-07-22
1980,9860,9560,2023-07-23
1981,9860,9560,2023-07-24
1982,9880,9580,2023-07-25
1983,9890,9590,2023-07-26
1984,9920,9620,2023-07-27
1985,9960,9660,2023-07-28
1986,9870,9570,2023-07-29
1987,9880,9580,2023-07-30
1988,9880,9580,2023-07-31
1989,9890,9590,2023-08-01
1990,9900,9600,2023-08-02
1991,9890,9590,2023-08-03
1992,9860,9560,2023-08-04
1993,9850,9550,2023-08-05
1994,9900,9600,2023-08-06
1995,9900,9600,2023-08-07
1996,9850,9550,2023-08-08
1997,9840,9540,2023-08-09
1998,9850,9550,2023-08-10
1999,9830,9530,2023-08-11
2000,9800,9500,2023-08-12
2001,9780,9480,2023-08-13
2002,9780,9480,2023-08-14
2003,9790,9490,2023-08-15
2004,9780,9480,2023-08-16
2005,9810,9510,2023-08-17
2006,9770,9470,2023-08-18
2007,9730,9430,2023-08-19
2008,9720,9420,2023-08-20
2009,9720,9420,2023-08-21
2010,9720,9420,2023-08-22
2011,9770,9470,2023-08-23
2012,9780,9480,2023-08-24
2013,9860,9560,2023-08-25
2014,9830,9530,2023-08-26
2015,9800,9500,2023-08-27
2016,9800,9500,2023-08-28
2017,9820,9520,2023-08-29
2018,9860,9560,2023-08-30
2019,9910,9610,2023-08-31
2020,9930,9630,2023-09-01
2021,9890,9490,2023-09-02
2022,9910,9510,2023-09-03
2023,9910,9610,2023-09-04
2024,9940,9640,2023-09-05
2025,9890,9590,2023-09-06
2026,9850,9550,2023-09-07
2027,9850,9550,2023-09-08
2028,9870,9570,2023-09-09
2029,9870,9570,2023-09-10
2030,9870,9570,2023-09-11
2031,9910,9610,2023-09-12
2032,9840,9440,2023-09-13
2033,9840,9540,2023-09-14
2034,9830,9530,2023-09-15
2035,9880,9580,2023-09-16
2036,9910,9610,2023-09-17
2037,9910,9610,2023-09-18
2038,9920,9620,2023-09-19
2039,9930,9630,2023-09-20
2040,9890,9590,2023-09-21
2041,9870,9570,2023-09-22
2042,9880,9580,2023-09-23
2043,9880,9580,2023-09-24
2044,9880,9580,2023-09-25
2045,9810,9510,2023-09-26
2046,9800,9500,2023-09-27
2047,9770,9470,2023-09-28
2048,9910,9610,2023-09-29
2049,9910,9610,2023-09-30
2050,9680,9380,2023-10-01
2051,9680,9380,2023-10-02
2052,9650,9360,2023-10-03
2053,9600,9310,2023-10-04
2054,9610,9320,2023-10-05
2055,9650,9360,2023-10-06
2056,9650,9360,2023-10-07
2057,9660,9370,2023-10-08
2058,9660,9370,2023-10-09
2059,9730,9430,2023-10-10
2060,9800,9500,2023-10-11
2061,9820,9520,2023-10-12
2062,9860,9560,2023-10-13
2063,9850,9550,2023-10-14
2064,9940,9640,2023-10-15
2065,9940,9640,2023-10-16
2066,9920,9420,2023-10-17
2067,9860,9560,2023-10-18
2068,10020,9710,2023-10-19
2069,10060,9750,2023-10-20
2070,10170,9860,2023-10-21
2071,10170,9860,2023-10-22
2072,10170,9860,2023-10-23
2073,10120,9810,2023-10-24
2074,10170,9660,2023-10-25
2075,10170,9860,2023-10-26
2076,10190,9680,2023-10-27
2077,10170,9860,2023-10-28
2078,10240,9930,2023-10-29
2079,10240,9930,2023-10-30
2080,10240,9930,2023-10-31
2081,10200,9890,2023-11-01
2082,10150,9840,2023-11-02
2083,10150,9840,2023-11-03
2084,10180,9870,2023-11-04
2085,10170,9860,2023-11-05
2086,10170,9860,2023-11-06
2087,10170,9860,2023-11-07
2088,10060,9750,2023-11-08
2089,10120,9810,2023-11-09
2090,10060,9750,2023-11-10
2091,10090,9780,2023-11-11
2092,10020,9710,2023-11-12
2093,10060,9650,2023-11-13
2094,10060,9750,2023-11-14
2095,10100,9790,2023-11-15
2096,10180,9870,2023-11-16
2097,10130,9820,2023-11-17
2098,10210,9900,2023-11-18
2099,10200,9890,2023-11-19
2100,10200,9890,2023-11-20
2101,10150,9840,2023-11-21
2102,10120,9810,2023-11-22
2103,10190,9880,2023-11-23
2104,10220,9910,2023-11-24
2105,10220,9910,2023-11-25
2106,10260,9950,2023-11-26
2107,10260,9950,2023-11-27
2108,10300,9990,2023-11-28
2109,10290,9980,2023-11-29
2110,10380,10060,2023-11-30
2111,10350,10030,2023-12-01
2112,10490,9960,2023-12-02
2113,10490,10170,2023-12-03
2114,10490,10170,2023-12-04
2115,10490,10170,2023-12-05
2116,10360,10040,2023-12-06
2117,10360,10040,2023-12-07
2118,10390,10070,2023-12-08
2119,10390,10070,2023-12-09
2120,10290,9980,2023-12-10
2121,10290,9980,2023-12-11
2122,10270,9960,2023-12-12
2123,10260,9950,2023-12-13
2124,10260,9950,2023-12-14
2125,10460,10140,2023-12-15
2126,10430,10110,2023-12-16
2127,10360,10040,2023-12-17
2128,10360,10040,2023-12-18
2129,10370,10050,2023-12-19
2130,10370,10050,2023-12-20
2131,10430,10110,2023-12-21
2132,10440,10120,2023-12-22
2133,10520,10200,2023-12-23
2134,10520,10200,2023-12-24
2135,10520,10200,2023-12-25
2136,10530,10210,2023-12-26
2137,10550,10230,2023-12-27
2138,10550,10230,2023-12-28
2139,10570,10250,2023-12-29
2140,10510,10190,2023-12-30
2141,10510,10190,2023-12-31
2142,10510,10190,2024-01-01
2143,10530,10000,2024-01-02
2144,10560,10240,2024-01-03
2145,10550,10230,2024-01-04
2146,10520,10200,2024-01-05
2147,10520,10200,2024-01-06
2148,10520,10200,2024-01-07
2149,10520,10200,2024-01-08
2150,10490,10170,2024-01-09
2151,10480,10160,2024-01-10
2152,10500,10180,2024-01-11
2153,10500,10180,2024-01-12
2154,10530,10210,2024-01-13
2155,10580,10260,2024-01-14
2156,10580,10260,2024-01-15
2157,10580,10260,2024-01-16
2158,10580,10260,2024-01-17
2159,10470,10150,2024-01-18
2160,10440,10120,2024-01-19
2161,10510,10190,2024-01-20
2162,10510,10190,2024-01-21
2163,10510,10190,2024-01-22
2164,10460,10140,2024-01-23
2165,10490,10170,2024-01-24
2166,10520,10200,2024-01-25
2167,10490,10170,2024-01-26
2168,10550,10230,2024-01-27
2169,10540,10220,2024-01-28
2170,10540,10220,2024-01-29
2171,10600,10280,2024-01-30
2172,10630,10310,2024-01-31
2173,10650,10330,2024-02-01
2174,10650,10330,2024-02-02
2175,10700,10370,2024-02-03
2176,10630,10310,2024-02-04
2177,10630,10310,2024-02-05
2178,10570,10250,2024-02-06
2179,10590,10270,2024-02-07
2180,10650,10330,2024-02-08
2181,10650,10220,2024-02-09
2182,10620,10300,2024-02-10
2183,10590,10270,2024-02-11
2184,10590,10270,2024-02-12
2185,10540,10220,2024-02-13
2186,10470,10150,2024-02-14
2187,10440,10120,2024-02-15
2188,10400,10080,2024-02-16
2189,10440,10120,2024-02-17
2190,10480,10160,2024-02-18
2191,10480,10160,2024-02-19
2192,10510,10080,2024-02-20
2193,10510,10190,2024-02-21
2194,10530,10210,2024-02-22
2195,10540,10220,2024-02-23
2196,10500,10180,2024-02-24
2197,10540,10220,2024-02-25
2198,10540,10220,2024-02-26
2199,10540,10220,2024-02-27
2200,10570,10250,2024-02-28
2201,10530,10210,2024-02-29
2202,10600,10280,2024-03-01
2203,10630,10310,2024-03-02
2204,10830,10500,2024-03-03
2205,10830,10500,2024-03-04
2206,10830,10500,2024-03-05
2207,10970,10640,2024-03-06
2208,11020,10680,2024-03-07
2209,11140,10800,2024-03-08
2210,11160,10820,2024-03-09
2211,11210,10870,2024-03-10
2212,11210,10870,2024-03-11
2213,11210,10870,2024-03-12
2214,11210,10870,2024-03-13
2215,11130,10790,2024-03-14
2216,11210,10870,2024-03-15
2217,11160,10820,2024-03-16
2218,11100,10760,2024-03-17
2219,11100,10760,2024-03-18
2220,11110,10770,2024-03-19
2221,11160,10820,2024-03-20
2222,11190,10850,2024-03-21
2223,11420,11070,2024-03-22
2224,11250,10910,2024-03-23
2225,11240,10900,2024-03-24
2226,11240,10900,2024-03-25
2227,11280,10940,2024-03-26
2228,11340,10990,2024-03-27
2229,11370,11020,2024-03-28
2230,11500,11150,2024-03-29
2231,11650,11300,2024-03-30
2232,11650,11300,2024-03-31
2233,11650,11300,2024-04-01
2234,11790,11430,2024-04-02
2235,11810,11450,2024-04-03
2236,11960,11600,2024-04-04
2237,12090,11720,2024-04-05
2238,12020,11650,2024-04-06
2239,12240,11870,2024-04-07
2240,12140,11650,2024-04-08
2241,12150,11780,2024-04-09
2242,12320,11950,2024-04-10
2243,12370,11990,2024-04-11
2244,12270,11900,2024-04-12
2245,12600,12220,2024-04-13
2246,12320,11950,2024-04-14
2247,12320,11950,2024-04-15
2248,12350,11970,2024-04-16
2249,12500,12120,2024-04-17
2250,10510,10080,2024-04-18
2251,12710,12320,2024-04-19
2252,12790,12400,2024-04-20
2253,12830,12440,2024-04-21
2254,12830,12440,2024-04-22
2255,12750,12360,2024-04-23
2256,12480,12100,2024-04-24
2257,12510,12130,2024-04-25
2258,12510,12130,2024-04-26
2259,12670,12280,2024-04-27
2260,12620,12240,2024-04-28
2261,12620,12240,2024-04-29
2262,12620,12240,2024-04-30
2263,12550,12170,2024-05-01
2264,12410,12030,2024-05-02
2265,12560,12180,2024-05-03
2266,12470,12090,2024-05-04
2267,12430,12050,2024-05-05
2268,12430,12050,2024-05-06
2269,12450,12070,2024-05-07
2270,12480,12100,2024-05-08
2271,12380,12000,2024-05-09
2272,12380,12000,2024-05-10
2273,12380,12000,2024-05-11
2274,12590,12080,2024-05-12
2275,12590,12210,2024-05-13
2276,12590,12210,2024-05-14
2277,12540,12160,2024-05-15
2278,12610,12230,2024-05-16
2279,12700,12310,2024-05-17
2280,12620,12240,2024-05-18
2281,12750,12360,2024-05-19
2282,12750,12360,2024-05-20
2283,12900,12510,2024-05-21
2284,12820,12430,2024-05-22
2285,12830,12440,2024-05-23
2286,12680,12290,2024-05-24
2287,12540,12160,2024-05-25
2288,12540,12160,2024-05-26
2289,12540,12160,2024-05-27
2290,12560,12180,2024-05-28
2291,12620,12240,2024-05-29
2292,12670,12280,2024-05-30
2293,12580,12200,2024-05-31
2294,12660,12280,2024-06-01
2295,12650,12270,2024-06-02
2296,12650,12270,2024-06-03
2297,12640,12260,2024-06-04
2298,12610,12230,2024-06-05
2299,12610,12230,2024-06-06
2300,12750,12360,2024-06-07
2301,12920,12530,2024-06-08
2302,12520,12140,2024-06-09
2303,12520,12140,2024-06-10
2304,12540,12160,2024-06-11
2305,12550,12170,2024-06-12
2306,12630,12250,2024-06-13
2307,12660,12280,2024-06-14
2308,12580,12200,2024-06-15
2309,12720,12330,2024-06-16
2310,12720,12330,2024-06-17
2311,12720,12330,2024-06-18
2312,12770,12380,2024-06-19
2313,12770,12380,2024-06-20
2314,12840,12450,2024-06-21
2315,12830,12310,2024-06-22
2316,12830,12440,2024-06-23
2317,12830,12440,2024-06-24
2318,12860,12470,2024-06-25
2319,12940,12550,2024-06-26
2320,12870,12480,2024-06-27
2321,12750,12360,2024-06-28
2322,12910,12520,2024-06-29
2323,12910,12520,2024-06-30
2324,12910,12520,2024-07-01
2325,12890,12500,2024-07-02
2326,12940,12550,2024-07-03
2327,12910,12520,2024-07-04
2328,13040,12640,2024-07-05
2329,13100,12700,2024-07-06
2330,13180,12780,2024-07-07
2331,13180,12780,2024-07-08
2332,13190,12790,2024-07-09
2333,13120,12720,2024-07-10
2334,13120,12720,2024-07-10
2335,13020,12620,2024-07-11
2336,13180,12780,2024-07-13
2337,13190,12790,2024-07-14
2338,13190,12790,2024-07-15
2339,13190,12790,2024-07-15
2340,13220,12820,2024-07-17
2341,13390,12980,2024-07-18
2342,13380,12970,2024-07-19
2343,13290,12890,2024-07-20
2344,13200,12800,2024-07-21
2345,13200,12800,2024-07-22
2346,13200,12800,2024-07-23
2347,13200,12800,2024-07-24
2348,13220,12820,2024-07-25
2349,13160,12760,2024-07-26
2350,13050,12650,2024-07-27
2351,13160,12760,2024-07-28
2352,13160,12760,2024-07-29
2353,13220,12820,2024-07-30
2354,12910,12520,2024-07-31
2355,13460,13050,2024-08-01
2356,13440,13030,2024-08-02
2357,13440,13030,2024-08-03
2358,13410,13000,2024-08-04
2359,13410,13000,2024-08-05
2360,13320,12920,2024-08-06
2361,13250,12850,2024-08-07
2362,13110,12710,2024-08-08
2363,13110,12710,2024-08-09
2364,13210,12810,2024-08-10
2365,13130,12730,2024-08-11
2366,13130,12730,2024-08-12
2367,13230,12830,2024-08-13
2368,13230,12830,2024-08-14
2369,13230,12830,2024-08-15
2370,13180,12780,2024-08-16
2371,13070,12670,2024-08-17
2372,10530,10000,2024-08-18
2373,13180,12780,2024-08-19
2374,13180,12780,2024-08-20
2375,13190,12790,2024-08-21
2376,13150,12750,2024-08-22
2377,13100,12700,2024-08-23
2378,13150,12750,2024-08-24
2379,13240,12840,2024-08-25
2380,13240,12840,2024-08-26
2381,13240,12840,2024-08-27
2382,13240,12840,2024-08-28
2383,13140,12740,2024-08-29
2384,13160,12760,2024-08-30
2385,13170,12770,2024-08-31
2386,13060,12660,2024-09-01
2387,13060,12660,2024-09-02
2388,13060,12660,2024-09-03
2389,13120,12720,2024-09-04
2390,13120,12720,2024-09-05
2391,13150,12750,2024-09-06
2392,13200,12800,2024-09-07
2393,13110,12710,2024-09-08
2394,13110,12710,2024-09-09
2395,13030,12630,2024-09-10
2396,13040,12640,2024-09-11
2397,13140,12740,2024-09-12
2398,13120,12720,2024-09-13
2399,13250,12850,2024-09-14
2400,13350,12940,2024-09-15
2401,13350,12940,2024-09-16
2402,13400,12990,2024-09-17
2403,13410,13000,2024-09-18
2404,13370,12960,2024-09-19
2405,13260,12860,2024-09-20
2406,13340,12930,2024-09-21
2407,13430,12890,2024-09-22
2408,13430,13020,2024-09-23
2409,13430,13020,2024-09-24
2410,13450,13040,2024-09-25
2411,13450,13040,2024-09-26
2412,13430,13020,2024-09-27
2413,13430,13020,2024-09-28
2414,13430,13020,2024-09-29
2415,13430,13020,2024-09-30
2416,13460,13050,2024-10-01
2417,13380,12970,2024-10-02
2418,13470,13060,2024-10-03
2419,13520,13110,2024-10-04
2420,13560,13150,2024-10-05
2421,13620,13210,2024-10-06
2422,13620,13210,2024-10-07
2423,13620,13210,2024-10-08
2424,13630,13220,2024-10-09
2425,13630,13220,2024-10-10
2426,13530,13120,2024-10-11
2427,13690,13270,2024-10-12
2428,13780,13360,2024-10-13
2429,13700,13280,2024-10-14
2430,13760,13340,2024-10-15
2431,13700,13280,2024-10-16
2432,13770,13350,2024-10-17
2433,13800,13380,2024-10-18
2434,13900,13480,2024-10-19
2435,14060,13630,2024-10-20
2436,14060,13630,2024-10-21
2437,14060,13630,2024-10-22
2438,14020,13590,2024-10-23
2439,14210,13780,2024-10-24
2440,14220,13790,2024-10-25
2441,14220,13790,2024-10-26
2442,14270,13840,2024-10-27
2443,14190,13760,2024-10-28
2444,14190,13760,2024-10-29
2445,14560,14120,2024-10-30
2446,14630,14190,2024-10-31
2447,14420,13980,2024-11-01
2448,14340,13900,2024-11-02
2449,14340,13900,2024-11-03
2450,14340,13900,2024-11-04
2451,14340,13900,2024-11-05
2452,14340,13900,2024-11-06
2453,14170,13740,2024-11-07
2454,14170,13740,2024-11-08
2455,14280,13850,2024-11-09
2456,14170,13740,2024-11-10
2457,14170,13740,2024-11-11
2458,14170,13740,2024-11-12
2459,13900,13480,2024-11-13
2460,13850,13430,2024-11-14
2461,13770,13350,2024-11-15
2462,13810,13390,2024-11-16
2463,13790,13370,2024-11-17
2464,13790,13370,2024-11-18
2465,13980,13560,2024-11-19
2466,13980,13560,2024-11-20
2467,14150,13720,2024-11-21
2468,14150,13720,2024-11-22
2469,14410,13970,2024-11-23
2470,14410,13970,2024-11-24
2471,14410,13970,2024-11-25
2472,14390,13950,2024-11-26
2473,14110,13680,2024-11-27
2474,14160,13730,2024-11-28
2475,14260,13830,2024-11-29
2476,14210,13780,2024-11-30
2477,14270,13840,2024-12-01
2479,14220,13790,2024-12-02
2480,14270,13840,2024-12-03
2481,14050,13620,2024-12-04
2482,14260,13830,2024-12-05
2483,14270,13690,2024-12-06
2484,14210,13780,2024-12-07
2485,14210,13780,2024-12-08
2486,13900,13480,2024-12-09
2487,14260,13830,2024-12-10
2488,14380,13940,2024-12-11
2489,14490,14050,2024-12-12
2490,14360,13780,2024-12-13
2491,14280,13850,2024-12-14
2492,14280,13850,2024-12-15
2493,14280,13850,2024-12-16
2494,14310,13880,2024-12-17
2495,14310,13880,2024-12-18
2496,14310,13880,2024-12-19
2497,13980,13560,2024-12-20
2498,14460,14020,2024-12-21
2499,14460,14020,2024-12-22
2500,14460,14020,2024-12-23
2501,14380,13940,2024-12-24
2502,14380,13940,2024-12-25
2503,14380,13940,2024-12-26
2504,14460,14020,2024-12-27
2505,14460,14020,2024-12-28
2506,14440,14000,2024-12-29
2507,14460,14020,2024-12-30
2508,14330,13900,2024-12-31
2509,14330,13900,2025-01-01
2510,14420,13980,2025-01-02
2511,14550,14110,2025-01-03
2512,14550,14110,2025-01-04
2513,14510,14070,2025-01-05
2514,14510,14070,2025-01-06
2515,14460,14020,2025-01-07
2516,14530,14090,2025-01-08
2517,14580,14140,2025-01-09
2518,14670,14220,2025-01-10
2519,14780,14330,2025-01-11
2520,14780,14330,2025-01-12
2521,14780,14330,2025-01-13
2522,14690,14240,2025-01-14
2523,14730,14280,2025-01-15
2524,14840,14390,2025-01-16
2525,14960,14510,2025-01-17
2526,14960,14510,2025-01-18
2527,14890,14440,2025-01-19
2528,14870,14420,2025-01-20
2529,14930,14480,2025-01-21
2530,15040,14580,2025-01-22
2531,15050,14590,2025-01-23
2532,15060,14600,2025-01-24
2533,15090,14630,2025-01-25
2534,15090,14630,2025-01-26
2535,15070,14610,2025-01-27
2536,14980,14530,2025-01-28
2537,15090,14630,2025-01-29
2538,15080,14620,2025-01-30
2539,15170,14710,2025-01-31
2540,15210,14750,2025-02-01
2541,15210,14750,2025-02-02
2542,15180,14720,2025-02-03
2543,15380,14910,2025-02-04
2544,15510,15040,2025-02-05
2545,15580,15110,2025-02-06
2546,15480,15010,2025-02-07
2547,15500,15030,2025-02-08
2548,15500,15030,2025-02-09
2549,15550,15080,2025-02-10
2550,15880,15400,2025-02-11
2551,15790,15310,2025-02-12
2552,15880,15400,2025-02-13
2553,15970,15490,2025-02-14
0eb1ea03-d588-49d4-97c8-caf0b85a7937,15790,15310,2025-02-15 07:10:26.294093
4acaea61-1a42-4501-a771-755f0ce93b01,15790,15310,2025-02-15 12:19:10.045942
65e4172f-abfe-43d7-b063-5495bd9cafa2,15790,15310,2025-02-16 00:58:54.991695
6886dc24-1e3e-4671-a205-d2c6482c93b2,15790,15310,2025-02-16 12:21:34.153331
da3db330-6e4b-42a5-a38d-ab875a70b145,15790,15310,2025-02-17 00:57:06.556290
95ed97e4-d2d7-4472-bd86-c890578ee09b,15720,15240,2025-02-17 12:22:28.693056
5456fee5-ad46-426f-ad4a-5db8a427e279,15800,15320,2025-02-18 22:11:12.288193
2cb4fe5d-4e3d-4c62-b4b5-c8bde6276cfe,15800,15320,2025-02-18 22:22:36.214657+07:00
55a53daf-3c31-4fac-bc18-5a3ea4688d81,15800,15320,2025-02-19 07:54:33.357714+07:00
5c157ca5-9b4c-4add-a6e8-e5837686e151,15910,15430,2025-02-19 19:20:38.166792+07:00
94bae587-6d44-463b-83b4-61b5daa5835b,15910,15430,2025-02-20 07:54:41.049661+07:00
82e734f3-b18a-44ae-abbe-03e3e7be1f29,16040,15550,2025-02-21 07:54:52.195849+07:00
b4bca7e1-9c56-4227-812f-307e6509e731,16030,15540,2025-02-21 19:21:47.530463+07:00
216862e8-a068-4ce3-87af-f21a99524c22,16030,15540,2025-02-22 07:52:59.496094+07:00
ee7a37ae-438b-4a75-9ede-4fe9b9a7348b,16000,15520,2025-02-22 19:19:23.484905+07:00
e017eb57-9289-4886-b814-41b2e32b39dc,16000,15520,2025-02-23 07:58:46.822293+07:00
8f591ac7-7cb3-4dfd-95a7-b111f7f252b3,16000,15520,2025-02-23 19:19:46.603532+07:00
098fd111-4904-4479-b808-e680fac05ab9,16000,15520,2025-02-24 07:57:04.203233+07:00
c6fbca5b-5055-423c-821e-613037f0a341,16010,15520,2025-02-24 19:22:38.046172+07:00
97e68609-d2c0-47fe-bc23-ac842c57ff03,16010,15520,2025-02-25 07:56:00.654789+07:00
e869d1a8-6be1-4d2d-af91-62fd7dc99957,16030,15540,2025-02-25 19:22:41.477120+07:00
d82e4702-7d1d-463a-842a-3d74669cf461,16030,15540,2025-02-26 07:56:08.340377+07:00
7180112b-6726-4004-a640-12de0432c7f5,15930,15450,2025-02-26 19:23:52.308837+07:00
3895fdab-e375-4cd1-917d-187a6539ae26,15930,15450,2025-02-27 07:55:52.916305+07:00
4aba6e80-7b6f-46b1-a5dc-ea9b1c14f52e,15910,15430,2025-02-27 19:22:32.410971+07:00
addfa2f1-82b3-44e2-abed-2034b5fd588e,15910,15430,2025-02-28 07:56:07.751379+07:00
9c9b0060-da61-42ad-b201-3318f1bf17e5,15800,15320,2025-02-28 19:22:25.738391+07:00
877d55db-5c84-48d2-bbbc-45119fee8eca,15800,15320,2025-03-01 07:59:59.724849+07:00
f7f26c3c-5d04-4137-b9e7-3f21761a34b8,15740,15260,2025-03-01 19:20:10.465852+07:00
345eea3f-e5ef-4a3a-9c9d-35ede45f5b44,15740,15260,2025-03-02 07:59:33.854048+07:00
12c6d9c3-6659-48be-9c69-96b84bfc5c1d,15740,15260,2025-03-02 19:19:24.662543+07:00
96c82de9-6b4a-45c4-bb04-f5c0570ca43d,15740,15260,2025-03-03 07:58:22.284774+07:00
763735e2-8e1c-4b8f-b352-0ea3d38c691e,15810,15330,2025-03-03 19:22:46.314211+07:00
97f1b410-fc1a-4219-86e2-32d90f811b5e,15810,15330,2025-03-04 07:56:41.230951+07:00
b8322033-ef83-4afc-b940-22e6120ea458,15810,15330,2025-03-04 19:23:17.225907+07:00
78206480-bb62-49f9-af76-b1bb85c15ae3,16020,15530,2025-03-05 07:56:53.969542+07:00
23b947c2-e010-4b97-a36a-07a1b7c85491,16070,15580,2025-03-05 19:22:36.634926+07:00
3ce405a6-198c-44c6-bdb0-4b7f7484617d,16070,15580,2025-03-06 07:56:54.949779+07:00
ec52d18d-a941-4dde-a594-c5baa67fed6e,16040,15550,2025-03-06 19:22:42.266270+07:00
8fc75e3b-8362-4acb-ba95-1207817e2339,16040,15550,2025-03-07 07:57:15.623794+07:00
5eacbff5-791f-420f-9ba2-effb9108fc0d,15930,15450,2025-03-07 19:22:02.395927+07:00
0ade4d72-0ca6-49e8-a620-72a94c1af0cb,15930,15450,2025-03-08 19:16:03.155057+07:00
a0c2e2b9-6fd6-4672-8d73-5f784360eaf1,15930,15450,2025-03-09 07:49:18.425640+07:00
d6d26727-5b29-43a1-b1b5-608afd7c5a65,15930,15450,2025-03-09 19:16:39.651281+07:00
951f577a-4762-4166-82c4-72b7247b8413,15930,15450,2025-03-10 07:47:54.445425+07:00
1b7f5bdc-c8e3-4ce1-b349-d5509d2a63ee,15960,15480,2025-03-10 19:24:01.898644+07:00
64050504-f43d-4f9b-9592-25bf0c11db44,15960,15480,2025-03-11 07:57:09.867023+07:00
c0e8903d-f675-4541-b548-4e734203b569,15850,15370,2025-03-11 19:23:25.405329+07:00
6848091e-7309-421a-a855-fea80a5bbbc0,15850,15370,2025-03-12 07:56:23.596343+07:00
e8ec6986-a95c-4757-9e3a-483abbe5b185,15850,15370,2025-03-12 19:23:50.355712+07:00
00710b35-b821-4dbd-970c-7be389daff41,16040,15550,2025-03-13 07:57:16.442086+07:00
b9448aca-9eb9-466f-9e42-d04fa3c0b49a,16140,15650,2025-03-13 19:23:34.689567+07:00
137bdc41-1047-47a5-aed3-45e4d12ffe14,16140,15650,2025-03-14 07:56:55.363444+07:00
c8728d2c-0ece-434a-b7d8-c92a690bf953,16370,15870,2025-03-14 19:22:04.864504+07:00
f7cf3814-9d4a-4751-b901-0b858de8fdfc,16370,15870,2025-03-15 07:55:50.072472+07:00
5d0f28eb-3d01-4cd6-84bd-151decd2249f,16340,15840,2025-03-15 19:20:09.529432+07:00
5d8fcd37-6235-40e0-9a46-72ad3f03a689,16340,15840,2025-03-16 08:01:16.403044+07:00
c4c905d0-d681-478f-96b2-19caae30385d,16340,15840,2025-03-16 19:20:30.123690+07:00
7fc4002b-90eb-49a9-95fb-438b7b2cc444,16340,15840,2025-03-17 07:59:02.711920+07:00
b0281bc5-9995-4aa8-9956-3cfb6870f6a0,16360,15860,2025-03-17 19:23:37.163606+07:00
840a4596-08ee-4437-abf0-70052b868231,16360,15860,2025-03-18 07:57:12.268567+07:00
ddee7e08-668f-43fc-af95-923a327a1123,16400,15900,2025-03-18 19:24:05.695754+07:00
f02dbd7e-45e2-4698-90c2-365e65434e4d,16510,16010,2025-03-19 07:57:52.218770+07:00
df37115b-d367-41e2-8f1e-0613998aa4d6,16510,16010,2025-03-19 19:23:09.753382+07:00
289450b0-333f-44e2-ba1a-493b62867791,16520,16020,2025-03-20 07:56:47.549451+07:00
cc4ac52d-b617-4359-921f-ded923a65618,16700,16190,2025-03-20 19:23:15.142590+07:00
1daf75f8-d65c-4dfc-a283-b08b69e6fa2e,16660,16160,2025-03-21 07:58:04.905037+07:00
f8215adb-c07d-451a-884c-bf83d09e02cb,16680,16170,2025-03-21 19:22:56.156448+07:00
16fc8d29-b65a-495e-bc59-24d83b36eda1,16680,16170,2025-03-22 07:56:16.811031+07:00
3ad5b952-ffd1-4dc8-8d64-2e177f260d9b,16580,16080,2025-03-22 19:20:32.987670+07:00
b4a4bbac-c920-4d00-8d2b-c8283f3a644f,16580,16080,2025-03-23 08:01:59.436342+07:00
613057c1-2183-4287-8e28-2412dbece13f,16580,16080,2025-03-23 19:21:19.772660+07:00
3342c0e5-c9e0-4ab4-bb92-2e599e5bc37e,16580,16080,2025-03-24 07:59:36.856856+07:00
e4613c08-27d9-4f21-b619-bf8a94d15061,16590,16090,2025-03-24 19:24:36.563964+07:00
3615fa36-7f73-444d-a9c5-59858b963676,16590,16090,2025-03-25 07:58:37.136212+07:00
afbba27e-4276-448e-90c9-1956b9c785c8,16590,16090,2025-03-25 19:23:12.480527+07:00
3650bf73-92b5-4640-841d-cc3e27af795e,16580,16080,2025-03-26 07:57:49.244245+07:00
3238d601-cc43-4f1c-9993-6425e3e80a64,16580,16080,2025-03-26 19:23:07.444592+07:00
4feccb72-e666-44bb-879d-ff3da705ccab,16660,16160,2025-03-27 07:57:44.555215+07:00
553a7170-e464-462d-b9d3-0f09d2c5a4b8,16710,16200,2025-03-27 19:24:12.777298+07:00
cfafee2f-9dde-4124-9654-56f2861e698f,16710,16200,2025-03-28 07:57:38.766778+07:00
cffa8e8c-3282-4477-931c-8e479fc96c9c,16830,16320,2025-03-28 19:22:49.506068+07:00
4c5a323a-5312-43fd-b27c-1cba620de59a,16890,16380,2025-03-29 07:57:24.503536+07:00
057e44b0-f914-4215-839d-c827621485a8,16970,16460,2025-03-29 19:21:00.179029+07:00
902dfa15-4976-447c-9c9a-6a9b856ab75c,16970,16460,2025-03-30 08:03:26.469517+07:00
8da1ba98-f5c5-45bd-ba70-ab9e1c8b1aad,16970,16460,2025-03-30 19:20:59.139004+07:00
124489c1-6c59-4c0e-b8b4-c8cb1155ff83,16970,16460,2025-03-31 08:01:17.015163+07:00
9fefec96-ab3b-4c66-800e-17009149e137,16970,16460,2025-03-31 19:24:16.179485+07:00
af0f037c-1741-4db6-bb71-7f64f6a082d2,17160,16640,2025-04-01 08:05:37.062284+07:00
700c8848-eb05-4fa5-9d90-66e7d6972e33,17160,16640,2025-04-01 19:24:53.256629+07:00
b1b1b011-1e44-495c-a583-9331c62af8b8,17200,16680,2025-04-02 07:59:27.954081+07:00
5a233815-361e-4b6a-a6b3-706e9375499c,17200,16680,2025-04-02 19:24:01.484302+07:00
3664485b-eb71-4889-a974-f68c965f8c21,17220,16700,2025-04-03 07:58:51.296693+07:00
213f2287-f763-4435-8811-53278bba2f62,17220,16700,2025-04-03 19:24:22.488436+07:00
a95359e5-3042-4030-b491-80b2a0f6f50b,17200,16680,2025-04-04 07:58:04.687201+07:00
e731025f-3b53-4e21-9909-6a646dece35b,17200,16680,2025-04-04 19:22:49.984733+07:00
795a4e0f-1b86-4c0a-bbd5-47e6c3458af0,17070,16550,2025-04-05 07:57:39.255828+07:00
f1bce070-d03d-47aa-b9fc-d08bf19f3ff2,17070,16550,2025-04-05 19:20:55.387557+07:00
0a86683b-7137-43e9-87dc-f4a7ab6134a3,16810,16300,2025-04-06 08:02:32.056427+07:00
f4cd3a85-f0b1-4a2c-a1dd-bf180d97fd8f,16810,16300,2025-04-06 19:21:25.762125+07:00
2abdac4c-29d9-4405-9ad3-5e2b0975e84d,16810,16300,2025-04-07 08:00:57.051532+07:00
2f7d8f79-c22c-4b34-9dfb-7fda10487a6a,16810,16300,2025-04-07 19:24:53.958085+07:00
6d6dbd56-7b3f-4f92-8138-ecdcecebd69a,16680,16170,2025-04-08 07:58:38.871724+07:00
7b6e3b67-f026-4e1e-9070-fde844d0654f,16680,16170,2025-04-08 19:24:14.602941+07:00
9f179831-fad5-4bc4-bc0d-2ff8588e15d7,16740,16230,2025-04-09 07:59:09.488229+07:00
c4fe482f-509d-415a-b35c-481bf0a4b949,16740,16230,2025-04-09 19:24:14.557634+07:00
5822da99-66cc-49a9-ab03-44ee200b2593,17280,16760,2025-04-10 07:59:09.312039+07:00
e4c6f340-e508-42d4-bc15-f3e789f03257,17280,16760,2025-04-10 19:23:50.610506+07:00
4bacb154-ff46-4509-bdfb-88c1527b9435,17610,17080,2025-04-11 07:59:05.671970+07:00
44d2388d-9e9b-4708-84da-7638902af1f6,17610,17080,2025-04-11 19:23:50.141131+07:00
2e6dbf7f-ea47-41d2-8026-1ceb8fd04216,18210,17660,2025-04-12 07:58:22.711663+07:00
68201640-994d-49ba-8856-6a4e982d9877,18210,17660,2025-04-12 19:20:50.433234+07:00
dab7f3f4-cd45-4234-b02f-c82a2b7903bc,18420,17860,2025-04-13 09:28:27.263953+07:00
9c14f6f0-b9b1-4a41-9ca3-8fbd5b3c0975,18420,17860,2025-04-13 19:21:17.875088+07:00
05f7d106-14f8-494f-a95b-de0efb9c199e,18470,17910,2025-04-14 08:02:02.052088+07:00
05c78fe9-5320-4e11-abee-58f7417cf0c9,18470,17910,2025-04-14 19:25:00.604047+07:00
293e7249-791f-4784-ab24-564df516ded0,18470,17910,2025-04-15 08:00:20.231135+07:00
94947660-2339-4432-b140-8ffb3e582614,18470,17910,2025-04-15 19:24:31.298646+07:00
62574e1c-f2a1-4d13-a1d0-da574f35bdf0,18400,17840,2025-04-16 08:00:28.268344+07:00
a493f260-cf92-4845-9efe-fe02cdff3200,18400,17840,2025-04-16 19:24:25.229368+07:00
67f3a79e-ac0d-4744-9545-a501a0b92ccb,18750,18180,2025-04-17 07:59:25.503331+07:00
f44b80ba-6839-4276-94ea-f8eab63f8742,18750,18180,2025-04-17 19:23:50.540457+07:00
833cc629-8434-425b-a9ff-dbedaee41b83,19050,18470,2025-04-18 07:58:46.954409+07:00
aabca9b5-22fb-4396-a193-3a63f9f331d5,19050,18470,2025-04-18 19:22:46.916024+07:00
f1ce4680-fb64-4433-921d-588ff04b4533,19020,18440,2025-04-19 07:57:12.044931+07:00
f2f66597-f3c0-48ee-9640-c482d8663ec5,19020,18440,2025-04-19 19:20:30.814112+07:00
75baf5d5-9100-43b5-94c0-1dabae9a5da9,19020,18440,2025-04-20 08:03:56.656803+07:00
1970f631-46e3-48fc-9a06-3a403983da70,19020,18440,2025-04-20 19:21:12.775439+07:00
95c3bcf0-2f51-452b-8e7f-27f1d9322c48,19020,18440,2025-04-21 08:02:52.626070+07:00
4339e4b1-cb2b-42b0-9233-b4d9d05e7cb3,19020,18440,2025-04-21 19:24:03.078666+07:00
583506e9-17ac-4674-87d7-a966fb91c741,19220,18640,2025-04-22 07:59:49.397994+07:00
739a91df-b835-476e-9226-faf5caf66a64,19710,19110,2025-04-22 19:24:07.752364+07:00
d090bbc8-f1c6-41c5-a238-c1950fbee99b,19710,19110,2025-04-23 08:00:16.013790+07:00
a48fbf4c-ca66-4f00-b78e-ad100e33ec4b,19300,18520,2025-04-23 19:24:19.802360+07:00
bc821c53-a19f-47dd-bc0f-69022da12717,19250,18480,2025-04-24 08:00:16.734899+07:00
b17f638b-4f24-4de9-a632-23ba49247e47,19070,18400,2025-04-24 19:25:10.809673+07:00
567efc4d-c7ea-4a13-aa82-22ac8a7b5bf1,19070,18400,2025-04-25 08:00:32.369053+07:00
c9d04b6b-3bc2-47a7-8bfe-5123cbed53eb,19070,18400,2025-04-25 19:24:23.721455+07:00
c58d4798-7934-4ce3-89b6-56cef3293cf1,19040,18370,2025-04-26 07:58:36.976942+07:00
a6fe82de-fdc6-42a5-bf33-9c55c6e27678,19000,18330,2025-04-26 19:21:34.004689+07:00
cba6fa89-b452-4292-8718-0d2225385307,19000,18330,2025-04-27 08:04:23.942686+07:00
3f27e102-cfaf-4783-aeb6-bd61025e5228,19000,18330,2025-04-27 19:22:27.437489+07:00
89e3867e-f2eb-4649-8b1b-2055c6630641,19000,18330,2025-04-28 08:02:33.637959+07:00
0726601b-86b2-45d1-a6ca-f9cf3415dde7,18970,18300,2025-04-28 19:24:49.518293+07:00
4b6806d6-cc7d-44b5-ac01-c8d56a89e27d,18910,18240,2025-04-29 08:00:24.554680+07:00
ff0a3533-a70b-4b94-a9f7-e594dd6875ab,19000,18330,2025-04-29 19:26:07.955590+07:00
85e375f4-cf63-41f7-8efa-66e2ca0854a1,19000,18330,2025-04-30 08:01:16.426558+07:00
9300252c-1f65-4abd-89b7-c45a61da3947,18950,18280,2025-04-30 19:24:34.988163+07:00
20830000-67aa-481f-8f66-8449a0112c40,18820,18160,2025-05-01 08:06:24.932650+07:00
45660b04-520d-49b6-bb10-0c118c476efe,18690,18030,2025-05-01 19:23:33.366672+07:00
aa47c98f-4f8d-4131-91c7-347358e5638a,18690,18030,2025-05-02 08:01:16.457148+07:00
a0d2e7d2-13a3-4a29-b7c8-7d63df3cb153,18510,17860,2025-05-02 19:23:56.813656+07:00
a986ebe7-8053-4e10-907c-28748b50d514,18510,17860,2025-05-03 07:59:42.582322+07:00
4aea1a5d-106f-4917-a4e5-69232eb2841a,18410,17760,2025-05-03 19:22:05.809842+07:00
ff976fdb-768e-4129-ba27-60dc89a989a9,18410,17760,2025-05-04 08:07:07.550752+07:00
9ad908a2-7362-4b40-9923-0718c4861f62,18410,17760,2025-05-04 19:22:13.207576+07:00
c5c3fc8a-7a8a-4093-a62c-b0daf19c4181,18410,17760,2025-05-05 08:04:21.012251+07:00
c317a993-fa95-40a9-84dd-4925249e1b3a,18410,17760,2025-05-05 19:25:22.880390+07:00
a4b2a04d-c85d-48bb-bb58-74ae74a1bbc3,18480,17830,2025-05-06 08:01:32.430947+07:00
01141836-6b05-4659-bc2a-bd4a6676c619,18630,17970,2025-05-06 19:27:07.219760+07:00
73067a14-a52a-46c7-b0ce-794cda282d08,18690,18030,2025-05-07 08:02:04.513767+07:00
1d55997e-2d69-4d5a-8440-b6ec618df08f,18890,18220,2025-05-07 19:26:33.289854+07:00
35472ca0-b7c0-481e-9026-e0299ad05cda,18950,18380,2025-05-08 08:02:33.761948+07:00
f050e244-8370-4815-92c3-0fb33eb0bf54,18950,18380,2025-05-08 19:24:40.634129+07:00
90c4c277-75a4-4d1b-9724-ed77373efff6,18660,17950,2025-05-10 07:59:39.437791+07:00
7dbde8ed-a74e-44ca-84a4-022ea9c2225f,18660,17950,2025-05-10 19:21:29.071764+07:00
c3f3544b-f0e7-4ef7-b70c-fe21512dce7b,18660,17950,2025-05-11 08:06:26.678448+07:00
eaba08b9-dc73-4825-b3db-0158d4871c92,18660,17950,2025-05-11 19:22:08.082928+07:00
607b26f6-fc2e-4d5e-bcf7-4ed806e84ef1,18660,17950,2025-05-12 08:04:36.439916+07:00
9299d943-5aa3-4e40-9809-8260a99bcda6,18460,17750,2025-05-12 19:25:53.529180+07:00
fa742fa9-c26f-41a2-aca5-ee7ff38def3c,18460,17750,2025-05-13 08:02:42.314844+07:00
f46f8698-5a17-40e8-83ec-3bfbc904cc33,18240,17600,2025-05-13 19:26:12.149575+07:00
61a1b12d-72b6-46ad-aa7e-d4bd275667d1,18290,17640,2025-05-14 08:01:44.251037+07:00
fde43bc9-85b0-4480-bde1-c45af6fa5fb7,18260,17620,2025-05-14 19:25:33.813464+07:00
7e350ff9-60bd-434c-8fd4-9590990e72bb,18260,17620,2025-05-15 07:59:48.474761+07:00
12038bdf-a154-4e97-a956-e1e906c1c6d6,18050,17410,2025-05-15 19:25:28.551591+07:00
78248afa-10ae-40e9-ab63-09ce3f9d5f06,18050,17410,2025-05-16 08:03:23.913178+07:00
e72a027a-2099-4915-aafd-ae921984d054,18280,17640,2025-05-16 19:26:04.974686+07:00
773cf764-5891-4136-ae1d-d2e3f604af72,18280,17640,2025-05-17 08:01:30.815731+07:00
176f1f3b-257d-44ee-91bf-8521fe8d0dcb,18090,17450,2025-05-17 19:22:04.252986+07:00
ad8e72a7-073d-482b-8ad7-40b1bd1c38b4,18090,17450,2025-05-18 08:07:45.420250+07:00
92e21158-b4db-4e26-b692-9575de1e37a0,18090,17450,2025-05-18 19:22:46.034386+07:00
0c2b9ccf-4ef1-4251-8c01-297b45431222,18090,17450,2025-05-19 08:05:27.593542+07:00
12f691f6-861b-4a4b-a148-aa392c872303,18300,17650,2025-05-19 19:26:32.440632+07:00
d2e41356-c44b-497a-87bc-0c2fdfd5556c,18330,17680,2025-05-20 08:03:55.092283+07:00
f092595c-e985-4a36-aaf0-b193b0cdc274,18070,17430,2025-05-20 19:26:27.858132+07:00
bff7dfc5-b0a3-4c1e-abd8-945abc9b06d9,18070,17430,2025-05-21 08:03:01.931220+07:00
f5cf7330-4a87-4084-835a-65097d5e30df,18470,17820,2025-05-21 19:25:51.035052+07:00
5859cb4c-d5d3-4090-8ec7-ff98348be33e,18470,17820,2025-05-22 08:02:34.374285+07:00
3196fac3-caad-4683-830f-9975efae28d4,18520,17870,2025-05-22 19:26:37.518253+07:00
543bc48e-917c-431e-9f2c-e1f0b45ca7b6,18470,17820,2025-05-23 08:02:52.292042+07:00
d2fce01b-1064-4b4b-81dd-c9726834df89,18420,17770,2025-05-23 19:25:06.293904+07:00
3169c36a-fb77-410a-a4f4-1b5d436f4170,18420,17770,2025-05-24 08:00:07.707735+07:00
b17d35e9-0544-4192-ba1a-1a4cb354dc13,18620,17960,2025-05-24 19:22:30.364530+07:00
8730ae4e-1692-40c2-9e0e-5b92530c7c62,18620,17960,2025-05-25 08:08:52.183995+07:00
8101c090-5496-4841-a21c-0bfbe1703adb,18620,17960,2025-05-25 19:22:32.168803+07:00
fb4298e8-27d3-41fa-9653-796ae2cecf35,18620,17960,2025-05-26 08:04:31.465268+07:00
62c2927b-99f6-4600-9b85-854b3ecdd891,18520,17870,2025-05-26 19:25:12.100729+07:00
29bb563a-8b4b-48aa-8a59-759ee96b2c8d,18520,17870,2025-05-27 08:01:43.556690+07:00
cfb35cb1-ce59-472e-b2bf-ceb354800290,18540,17890,2025-05-27 19:26:10.507321+07:00
73e4386a-4ea2-4c19-b5a8-26ce7f62eb6b,18490,17840,2025-05-28 08:02:56.871489+07:00
d19642da-8089-4dc7-b1dc-d90b6b6a4120,18250,17610,2025-05-28 19:26:22.945482+07:00
28b8e124-df9d-448b-8b73-a26a5f8974b2,18300,17650,2025-05-29 08:03:37.352326+07:00
3cae8929-81af-43af-bc4a-d277bb2e6e05,18140,17500,2025-05-29 19:25:20.634895+07:00
d182348b-0286-4408-b073-8a493793435e,18200,17560,2025-05-30 08:02:10.387656+07:00
a769dde7-c4f7-474d-91d9-5527c91ab489,18350,17700,2025-05-30 19:24:59.687923+07:00
001294b0-8f31-4613-9d4f-6e8cc487a6a1,18350,17700,2025-05-31 08:01:28.770272+07:00
59bd87e9-0c8a-4bfd-b686-6c7f9ca31e1d,18230,17590,2025-05-31 19:22:42.617093+07:00
334505f6-5490-46f3-9ef3-97e57b51a875,18230,17590,2025-06-01 08:15:31.786501+07:00
5422634f-28a4-4f30-87d5-a44973defd69,18230,17590,2025-06-01 19:23:35.688754+07:00
7289a97e-e002-43b6-aa6e-2bdda350aadc,18230,17590,2025-06-02 08:06:01.009765+07:00
139c5cf0-0695-4bb8-b937-d6853488702e,18380,17730,2025-06-02 19:26:29.364918+07:00
85f4ab1f-cdf2-46a3-a67c-10e721ef43a8,18430,17780,2025-06-03 08:04:13.244643+07:00
57b046bc-99e4-4d55-af70-e290bac9f923,18690,18030,2025-06-03 19:26:32.731329+07:00
40c0e4de-244b-4a14-bf9e-5d0f19d4efe1,18630,17970,2025-06-04 08:04:00.179508+07:00
404a5a44-91e8-463a-a114-20847195a143,18490,17840,2025-06-04 19:26:22.271141+07:00
b1da0fff-b514-41e2-b226-dca59a514e81,18490,17840,2025-06-05 08:03:15.236668+07:00
9ad32fd8-1086-459d-a2c1-de49dcf856ef,18590,17930,2025-06-05 19:26:40.877211+07:00
51776b2f-1eee-45ad-983b-bfaf41f22bcc,18620,17960,2025-06-06 08:04:07.405112+07:00
ccfd08d1-c8df-4af4-9fd0-e2b7ffb7e81d,18520,17870,2025-06-06 19:25:18.398320+07:00
91730fb4-ee51-4242-bad6-d726bf551357,18520,17870,2025-06-07 08:02:39.444509+07:00
e787f997-a559-4e91-ae28-c067463edd6d,18340,17690,2025-06-07 19:22:47.187583+07:00
538c86e6-d8a2-44a4-9e9f-ff24d715c5c6,18340,17690,2025-06-08 08:09:37.949733+07:00
14cc068f-0d84-4a5d-b9cc-98f596959925,18340,17690,2025-06-08 19:23:30.543553+07:00
dbc518d0-a466-475b-9572-26ec99535d91,18340,17690,2025-06-09 08:07:47.275344+07:00
a00fc664-633d-46bd-b48a-b2d148d04d92,18340,17690,2025-06-09 19:26:37.828470+07:00
6ca775e2-2ea9-40a1-b45a-2c53f9cca8c0,18340,17690,2025-06-10 08:05:05.729302+07:00
18ea3690-5365-460e-829b-64ef8700d6f5,18400,17750,2025-06-10 19:27:00.715991+07:00
fa739ea7-46d3-403f-beaa-728041d4ff6d,18400,17750,2025-06-11 08:04:38.842943+07:00
1b77073a-5ab2-4f71-9acf-21df15d04825,18410,17760,2025-06-11 19:27:00.237775+07:00
da53535c-ef94-495e-b92b-269043ada1e8,18410,17760,2025-06-12 08:03:20.264325+07:00
77864456-9c6f-4487-99f1-893485599290,18530,17880,2025-06-12 19:25:42.074387+07:00
40708266-038f-4e55-91ef-56cb39d65177,18530,17880,2025-06-13 08:04:36.509308+07:00
cca385a1-b577-4337-9461-c34ec35ea522,18720,18060,2025-06-13 19:25:59.522223+07:00
9eb73f91-27fb-463c-bc13-aadabb737836,18720,18060,2025-06-14 08:01:58.633525+07:00
4b63246d-e560-4284-a1b5-3d3195fb812d,18790,18130,2025-06-14 19:22:55.611642+07:00
e477a769-0b84-4cad-a99f-92a92f2a104d,18790,18130,2025-06-15 08:11:14.918807+07:00
28b5300d-5d7e-45d3-a9d8-d9d4bd34280d,18790,18130,2025-06-15 19:23:58.092702+07:00
28c30914-17a1-4376-a540-b233085a69cb,18790,18130,2025-06-16 08:06:47.503080+07:00
b742393e-b14d-45b8-9fbc-83575cb88419,18850,18190,2025-06-16 19:27:13.171020+07:00
d91b98ec-8ae9-42f9-ac9a-e75d089140ec,18850,18190,2025-06-17 08:04:21.534559+07:00
1547ceaa-fdfe-4cc7-b814-0cb8732c7a23,18700,18040,2025-06-17 19:27:06.399708+07:00
264e1997-9d55-4005-8a50-91090d84a0e5,18700,18040,2025-06-18 08:04:17.147635+07:00
3f22adc0-7f2a-4261-9a2d-af36f0b62048,18640,17980,2025-06-18 19:27:06.065516+07:00
03699133-781f-4dd5-a415-3f23dfceaa38,18640,17980,2025-06-19 08:04:14.240479+07:00
fa291649-bcef-4f4f-b53f-d6070d6bdc3e,18590,17930,2025-06-19 19:26:37.893918+07:00
80c66649-c666-45cb-819f-08b7a4b33371,18590,17930,2025-06-20 08:03:59.312455+07:00
18f7a999-beaf-4dc9-a89c-dc4f4e72a300,18580,17920,2025-06-20 19:26:17.163754+07:00
41903157-0305-4f80-b0f5-afc099739712,18580,17920,2025-06-21 08:03:00.509275+07:00
90b656c0-6008-4df2-8c71-9095c139f77b,18620,17960,2025-06-21 19:22:55.943836+07:00
fcf741b2-ac31-4be1-915c-bd21d720ebcc,18620,17960,2025-06-22 08:10:19.089164+07:00
3899f7d9-29f8-47f7-90f7-d07a14efd275,18620,17960,2025-06-22 19:23:16.398267+07:00
3b737437-64b4-4122-8bab-b7c241ea1ece,18620,17960,2025-06-23 08:08:12.781061+07:00
1b0d67be-36cf-4d5e-945b-e562b9b9d170,18620,17960,2025-06-23 19:27:47.669607+07:00
5fc17846-2066-4f06-baf2-60c18a865148,18620,17960,2025-06-24 08:04:54.373347+07:00
c46d9513-008c-4b94-ba57-0e5ee8b55010,18540,17890,2025-06-24 19:26:49.085281+07:00
5b59377a-d1b0-4050-b600-587a1414438d,18500,17850,2025-06-25 08:05:16.290686+07:00
014a87c2-2f41-42e9-91b6-263111e937d7,18500,17850,2025-06-25 19:27:03.934842+07:00
0b248946-ab76-4b53-bec1-0f82f5073662,18500,17850,2025-06-26 08:04:42.707046+07:00
2c8a0e83-6f75-48ad-8778-b6a45a6b3263,18440,17790,2025-06-26 19:26:38.991455+07:00
4010ea30-2aed-469a-8707-43e1b510d6e3,18440,17790,2025-06-27 08:05:19.010486+07:00
0bdce315-c5b3-4705-ad72-438da786c9f5,18280,17640,2025-06-27 19:26:09.898166+07:00
4cbfb4d2-54c8-4b0d-a3b5-8bf8c6701aba,18280,17640,2025-06-28 08:02:39.248119+07:00
8b59539d-9171-48a2-aa97-53721223eb4f,18050,17410,2025-06-28 19:23:16.649983+07:00
521f223a-809c-4fac-b9d4-75f9aff67eda,18050,17410,2025-06-29 08:11:51.270106+07:00
8a962cce-f12e-4cd6-ac0f-a6cc9b4dffd7,18050,17410,2025-06-29 19:23:53.401344+07:00
f61fcea8-dad0-40a8-b13d-64ddd7cf6f5f,18050,17410,2025-06-30 08:08:50.696431+07:00
811924fb-16b9-4384-98ee-3495839318dc,18020,17380,2025-06-30 19:26:49.654905+07:00
b1c85884-5708-431e-97aa-67b5dd8486c9,18020,17380,2025-07-01 08:12:09.765276+07:00
fa06d270-679d-4ef3-a98d-ee4240c99a35,18170,17530,2025-07-01 19:26:50.269449+07:00
7bafd9c9-69c7-49dd-aac2-fd8263689b72,18240,17600,2025-07-02 08:05:06.667828+07:00
312bc45e-1569-42cb-8acd-6b9b0e2de36c,18320,17670,2025-07-02 19:26:36.047880+07:00
cf4c187f-ef8b-48be-9e99-e0a48f921501,18320,17670,2025-07-03 08:04:55.170633+07:00
3655eddd-37fa-43d3-a575-f502180f870d,18300,17650,2025-07-03 19:26:56.120076+07:00
1394ae09-3465-4ead-be6d-8054092f9f59,18300,17650,2025-07-04 08:04:27.549075+07:00
69e6f363-f22a-44cf-a41f-9576f847a436,18260,17620,2025-07-04 19:26:14.559771+07:00
e578fe47-fcce-4975-ad04-a4dc90f5411f,18260,17620,2025-07-05 08:02:19.216325+07:00
265b1ad4-76fc-4ad6-8cc6-44d37bee803b,18260,17620,2025-07-05 19:23:29.658251+07:00
f3d7bd92-435b-47af-b794-b1a631b6ba08,18260,17620,2025-07-06 08:10:53.267684+07:00
8b89eb10-c5f5-45f1-8b83-5bf39dc3045c,18260,17620,2025-07-06 19:23:38.797937+07:00
bf19b28d-4333-43ea-9626-2f8c168a196d,18260,17620,2025-07-07 08:09:19.018237+07:00
5afcee16-c873-43c6-a918-62200f39b8f4,18220,17580,2025-07-07 19:26:50.663800+07:00
7c9624af-6f58-4c32-8db7-026f37c743ca,18220,17580,2025-07-08 08:05:32.836536+07:00
a1144a3c-c0e1-4fbe-9e19-f1860fdf7b62,18270,17630,2025-07-08 19:27:23.413280+07:00
f84cd6fc-dd13-4149-ae0f-8c9443dad71a,18270,17630,2025-07-09 08:06:12.393815+07:00
4514c469-065d-44ff-bd90-2d4162a2a390,18150,17510,2025-07-09 19:27:06.587299+07:00
99b62768-05f1-498e-8940-76f3eca0874b,18150,17510,2025-07-10 08:06:15.387195+07:00
b313dfea-5bb5-4927-9c9b-25c4daa2c2bf,18220,17580,2025-07-10 19:27:16.707355+07:00
b9b1c4f7-6f78-404a-8754-d6a661fb1955,18220,17580,2025-07-11 08:06:48.134649+07:00
80c9ca40-24c8-4091-8bf3-252f6246bc49,18260,17620,2025-07-11 19:26:50.104567+07:00
dc916066-b48c-4035-8d63-712367a99402,18260,17620,2025-07-12 08:08:54.285482+07:00
2f0540b4-5ab7-4c9a-a081-78105262b78b,18390,17740,2025-07-12 19:24:34.683021+07:00
d810126e-3299-4baa-8408-5c35e26b052a,18390,17740,2025-07-13 08:13:04.077315+07:00
e6fb80fa-7e48-4102-90e4-e83791beeb8f,18390,17740,2025-07-13 19:24:33.189187+07:00
5a9fe4c9-81b3-401a-ad88-f9473cf60f8d,18390,17740,2025-07-14 08:09:57.413793+07:00
000e4fd9-179c-4a5b-825c-cb92affaee8b,18440,17790,2025-07-14 19:28:16.156319+07:00
dcd281c5-57b2-4f01-bb03-930dda8dfe91,18440,17790,2025-07-15 08:09:46.625190+07:00
8c79c29c-5c3a-4747-98c6-8ae115f14407,18350,17700,2025-07-15 19:28:13.748393+07:00
4a922d6e-4981-4b02-914d-0c4db092c64f,18350,17700,2025-07-16 08:08:00.086288+07:00
e21f0886-53de-4a56-acbb-6169a5d9e277,18280,17640,2025-07-16 19:28:21.720332+07:00
794d4864-8c8a-4467-87a5-7c388d66883f,18280,17640,2025-07-17 08:08:34.341915+07:00
72fa6224-e9a8-4254-b248-fdd2c836b14b,18390,17740,2025-07-17 19:27:56.324508+07:00
c1e74908-c0e7-4660-9fd9-db8b67c39d62,18390,17740,2025-07-18 08:07:43.813920+07:00
f5600c43-0507-47e3-9602-845a91cb584f,18360,17710,2025-07-18 19:27:59.654747+07:00
6edd82f6-f893-4b81-bebb-42071e20a33f,18360,17710,2025-07-19 08:06:05.442924+07:00
69811437-607d-4969-ad5f-a4aff9bec6db,18470,17820,2025-07-19 19:25:00.756854+07:00
02a160cf-e12c-44ef-a19b-ee88e3567431,18470,17820,2025-07-20 08:14:46.670019+07:00
fe0cdd38-73b0-4db5-8ce6-f6f6b60380d2,18470,17820,2025-07-20 19:25:35.460088+07:00
4de9fff5-12de-42c4-8f99-29a3a5835296,18470,17820,2025-07-21 08:12:11.230140+07:00
b6a5f751-d9ee-437f-9ed9-ee3efabeacac,18470,17820,2025-07-21 19:29:22.387183+07:00
415de6c3-f3e7-4c57-8a4f-0ba12d66d3cc,18470,17820,2025-07-22 08:08:16.311367+07:00
6707576e-652e-4807-9e59-83a495ccb9df,18640,17980,2025-07-22 19:28:23.334231+07:00
729c6809-7147-4303-a36e-294a47626f7f,18640,17980,2025-07-23 08:09:41.986051+07:00
c1c61c8b-7d0c-4c38-8559-e46a2c918804,18870,18200,2025-07-23 19:28:26.626128+07:00
4cfe2845-9c75-40bd-ba96-afed2cd0229e,18870,18200,2025-07-24 08:08:37.887200+07:00
b2296dbc-ec90-4d95-aad4-e487f33aef78,18640,17980,2025-07-24 19:28:31.324457+07:00
9821e26d-de88-4c6f-bc03-e7f9f2992d88,18640,17980,2025-07-25 08:08:11.610946+07:00
39b01dae-3f21-49b9-9f9f-c61bb9789196,18550,17900,2025-07-25 19:28:05.025222+07:00
02f58d81-4368-4430-a123-2126180f2d2e,18550,17900,2025-07-26 08:06:32.291460+07:00
44014fd9-c6c0-4b82-8abc-0128b3038f11,18380,17730,2025-07-26 19:25:01.855931+07:00
c2b236c8-d3a1-466f-b915-74ac549643ff,18380,17730,2025-07-27 08:15:11.800815+07:00
b8612d19-81be-4734-8581-3195adcd7fba,18380,17730,2025-07-27 19:25:53.511503+07:00
f9a1a532-bd1a-4c6b-89af-0ea323688818,18380,17730,2025-07-28 08:13:19.639780+07:00
35039b36-0151-4b2d-83d0-2c8e31e0e829,18360,17710,2025-07-28 19:29:39.537611+07:00
39e4e5cb-b612-4341-b0f4-f239e6944975,18360,17710,2025-07-29 08:16:47.611096+07:00
91f604f8-e811-482a-a198-e3c395630608,18260,17620,2025-07-29 19:29:36.214093+07:00
73566d7c-4eb4-46f7-950c-b30bff4f102c,18260,17620,2025-07-30 08:10:10.347355+07:00
15e24124-a89f-4d55-8eb7-d822242c191f,18360,17710,2025-07-30 19:29:31.343130+07:00
fac37a73-29c1-42d2-b8e5-c20d3e765ef8,18360,17710,2025-07-31 08:09:47.541210+07:00
273487db-efd6-4a95-b767-b7472102c3a8,18210,17570,2025-07-31 19:27:24.396952+07:00
59ec7329-88f0-4fed-a0ae-bd5d3f0187f4,18210,17570,2025-08-01 08:17:25.952223+07:00
65d76f74-6260-44f4-bccf-d9d096b43490,18210,17570,2025-08-02 08:06:31.684611+07:00
be8a0f6f-0133-48a4-9141-87257568424f,18680,18020,2025-08-02 19:25:32.671053+07:00
aabc059e-53de-4a1c-ba34-9de839cad099,18680,18020,2025-08-03 08:16:21.195539+07:00
f3f15a8d-3218-48a1-97ab-17743aee0c11,18680,18020,2025-08-03 19:26:09.654637+07:00
f0f16bbf-77ba-4465-b177-90c5fe048dc2,18680,18020,2025-08-04 08:15:18.109916+07:00
03345b7f-f20e-4a0c-9544-b94ac8e15d19,18660,18000,2025-08-04 19:30:31.936435+07:00
4bc16d2a-0c37-4679-97c1-e84a9b32c7f9,18660,18000,2025-08-05 08:11:45.209730+07:00
832ae182-0493-4339-9ddf-5862c1022ad7,18770,18110,2025-08-05 19:29:59.014559+07:00
